timestamp,latitude,longitude,rainfall_mm_hr
2026-07-28,17.55,80.05,0.0
2026-07-28,17.65,80.05,0.0
2026-07-28,17.75,80.05,0.0
2026-07-28,17.85,80.05,0.0
2026-07-28,17.95,80.05,0.0
2026-07-28,18.05,80.05,0.0
2026-07-28,18.15,80.05,0.0
2026-07-28,18.25,80.05,0.0
2026-07-28,18.35,80.05,0.0
2026-07-28,18.45,80.05,0.0
2026-07-28,18.55,80.05,0.0
2026-07-28,18.65,80.05,0.3055844
2026-07-28,18.75,80.05,0.36378843
2026-07-28,18.85,80.05,0.5034881
2026-07-28,18.95,80.05,0.546503
2026-07-28,19.05,80.05,0.0
2026-07-28,19.15,80.05,0.0
2026-07-28,19.25,80.05,0.85423136
2026-07-28,19.35,80.05,1.6556647
2026-07-28,19.45,80.05,3.3209555
2026-07-28,19.55,80.05,5.5036235
2026-07-28,19.65,80.05,5.2871313
2026-07-28,19.75,80.05,4.887828
2026-07-28,19.85,80.05,3.3678653
2026-07-28,19.95,80.05,2.4031081
2026-07-28,20.05,80.05,1.1024159
2026-07-28,20.15,80.05,0.49221492
2026-07-28,20.25,80.05,0.45950335
2026-07-28,20.35,80.05,0.0
2026-07-28,20.45,80.05,0.0
2026-07-28,20.55,80.05,0.0
2026-07-28,20.65,80.05,0.1401899
2026-07-28,20.75,80.05,0.13950527
2026-07-28,20.85,80.05,0.09717082
2026-07-28,20.95,80.05,0.09621472
2026-07-28,21.05,80.05,0.10788522
2026-07-28,21.15,80.05,0.13868324
2026-07-28,21.25,80.05,0.25816727
2026-07-28,21.35,80.05,0.8753128
2026-07-28,21.45,80.05,0.0
2026-07-28,21.55,80.05,0.0
2026-07-28,21.65,80.05,0.0
2026-07-28,21.75,80.05,0.0
2026-07-28,21.85,80.05,0.0
2026-07-28,21.95,80.05,0.0
2026-07-28,22.05,80.05,0.0
2026-07-28,22.15,80.05,0.0
2026-07-28,22.25,80.05,0.0
2026-07-28,22.35,80.05,0.0
2026-07-28,22.45,80.05,0.0
2026-07-28,22.55,80.05,0.0
2026-07-28,22.65,80.05,0.0
2026-07-28,22.75,80.05,0.25659037
2026-07-28,17.55,80.15,0.0
2026-07-28,17.65,80.15,0.0
2026-07-28,17.75,80.15,0.0
2026-07-28,17.85,80.15,0.0
2026-07-28,17.95,80.15,0.0
2026-07-28,18.05,80.15,0.0
2026-07-28,18.15,80.15,0.0
2026-07-28,18.25,80.15,0.0
2026-07-28,18.35,80.15,0.0
2026-07-28,18.45,80.15,0.0
2026-07-28,18.55,80.15,0.0
2026-07-28,18.65,80.15,0.0
2026-07-28,18.75,80.15,0.0
2026-07-28,18.85,80.15,0.6260284
2026-07-28,18.95,80.15,0.7082839
2026-07-28,19.05,80.15,0.0
2026-07-28,19.15,80.15,0.0
2026-07-28,19.25,80.15,0.0
2026-07-28,19.35,80.15,1.7898848
2026-07-28,19.45,80.15,4.5385895
2026-07-28,19.55,80.15,5.739501
2026-07-28,19.65,80.15,5.689552
2026-07-28,19.75,80.15,4.8340898
2026-07-28,19.85,80.15,2.9242563
2026-07-28,19.95,80.15,1.6236869
2026-07-28,20.05,80.15,0.9949437
2026-07-28,20.15,80.15,0.5857833
2026-07-28,20.25,80.15,0.43125585
2026-07-28,20.35,80.15,0.0
2026-07-28,20.45,80.15,0.3424362
2026-07-28,20.55,80.15,0.3992792
2026-07-28,20.65,80.15,1.2802395
2026-07-28,20.75,80.15,1.4408048
2026-07-28,20.85,80.15,0.093876
2026-07-28,20.95,80.15,0.083861046
2026-07-28,21.05,80.15,0.10693221
2026-07-28,21.15,80.15,0.91154844
2026-07-28,21.25,80.15,1.8907549
2026-07-28,21.35,80.15,0.0
2026-07-28,21.45,80.15,0.0
2026-07-28,21.55,80.15,0.0
2026-07-28,21.65,80.15,0.0
2026-07-28,21.75,80.15,0.0
2026-07-28,21.85,80.15,0.0
2026-07-28,21.95,80.15,0.0
2026-07-28,22.05,80.15,0.0
2026-07-28,22.15,80.15,0.0
2026-07-28,22.25,80.15,0.0
2026-07-28,22.35,80.15,0.0
2026-07-28,22.45,80.15,0.0
2026-07-28,22.55,80.15,0.0
2026-07-28,22.65,80.15,0.0
2026-07-28,22.75,80.15,0.0
2026-07-28,17.55,80.25,0.0
2026-07-28,17.65,80.25,0.0
2026-07-28,17.75,80.25,0.0
2026-07-28,17.85,80.25,0.0
2026-07-28,17.95,80.25,0.0
2026-07-28,18.05,80.25,0.0
2026-07-28,18.15,80.25,0.0
2026-07-28,18.25,80.25,0.0
2026-07-28,18.35,80.25,0.0
2026-07-28,18.45,80.25,0.0
2026-07-28,18.55,80.25,0.0
2026-07-28,18.65,80.25,0.0
2026-07-28,18.75,80.25,0.0
2026-07-28,18.85,80.25,0.0
2026-07-28,18.95,80.25,0.0
2026-07-28,19.05,80.25,0.0
2026-07-28,19.15,80.25,1.6706654
2026-07-28,19.25,80.25,1.6168503
2026-07-28,19.35,80.25,2.5250022
2026-07-28,19.45,80.25,4.750572
2026-07-28,19.55,80.25,5.427984
2026-07-28,19.65,80.25,5.063797
2026-07-28,19.75,80.25,4.2000523
2026-07-28,19.85,80.25,2.1470766
2026-07-28,19.95,80.25,0.30983984
2026-07-28,20.05,80.25,0.17479767
2026-07-28,20.15,80.25,0.0
2026-07-28,20.25,80.25,0.0
2026-07-28,20.35,80.25,0.14785726
2026-07-28,20.45,80.25,0.0877549
2026-07-28,20.55,80.25,0.38857117
2026-07-28,20.65,80.25,1.2405508
2026-07-28,20.75,80.25,1.7616196
2026-07-28,20.85,80.25,0.44056267
2026-07-28,20.95,80.25,0.0744128
2026-07-28,21.05,80.25,0.109114274
2026-07-28,21.15,80.25,0.97569156
2026-07-28,21.25,80.25,2.1205153
2026-07-28,21.35,80.25,0.0
2026-07-28,21.45,80.25,0.0
2026-07-28,21.55,80.25,0.0
2026-07-28,21.65,80.25,0.0
2026-07-28,21.75,80.25,0.0
2026-07-28,21.85,80.25,0.0
2026-07-28,21.95,80.25,0.0
2026-07-28,22.05,80.25,0.0
2026-07-28,22.15,80.25,0.0
2026-07-28,22.25,80.25,0.0
2026-07-28,22.35,80.25,0.0
2026-07-28,22.45,80.25,0.0
2026-07-28,22.55,80.25,0.0
2026-07-28,22.65,80.25,0.0
2026-07-28,22.75,80.25,0.0
2026-07-28,17.55,80.35,0.0
2026-07-28,17.65,80.35,0.0
2026-07-28,17.75,80.35,0.0
2026-07-28,17.85,80.35,0.0
2026-07-28,17.95,80.35,0.0
2026-07-28,18.05,80.35,0.0
2026-07-28,18.15,80.35,0.0
2026-07-28,18.25,80.35,0.0
2026-07-28,18.35,80.35,0.0
2026-07-28,18.45,80.35,0.0
2026-07-28,18.55,80.35,0.0
2026-07-28,18.65,80.35,0.0
2026-07-28,18.75,80.35,0.0
2026-07-28,18.85,80.35,0.0
2026-07-28,18.95,80.35,0.0
2026-07-28,19.05,80.35,0.0
2026-07-28,19.15,80.35,2.9606223
2026-07-28,19.25,80.35,3.685952
2026-07-28,19.35,80.35,4.316168
2026-07-28,19.45,80.35,3.9366329
2026-07-28,19.55,80.35,5.073186
2026-07-28,19.65,80.35,4.415024
2026-07-28,19.75,80.35,3.611597
2026-07-28,19.85,80.35,1.5849384
2026-07-28,19.95,80.35,0.8237903
2026-07-28,20.05,80.35,0.1323484
2026-07-28,20.15,80.35,0.0
2026-07-28,20.25,80.35,0.098126486
2026-07-28,20.35,80.35,0.13601899
2026-07-28,20.45,80.35,0.6785036
2026-07-28,20.55,80.35,0.509946
2026-07-28,20.65,80.35,0.80438423
2026-07-28,20.75,80.35,1.7087599
2026-07-28,20.85,80.35,0.59498394
2026-07-28,20.95,80.35,0.09537123
2026-07-28,21.05,80.35,0.12233264
2026-07-28,21.15,80.35,0.17791365
2026-07-28,21.25,80.35,0.0
2026-07-28,21.35,80.35,0.0
2026-07-28,21.45,80.35,0.0
2026-07-28,21.55,80.35,0.0
2026-07-28,21.65,80.35,0.0
2026-07-28,21.75,80.35,0.0
2026-07-28,21.85,80.35,0.0
2026-07-28,21.95,80.35,0.0
2026-07-28,22.05,80.35,0.0
2026-07-28,22.15,80.35,0.0
2026-07-28,22.25,80.35,0.0
2026-07-28,22.35,80.35,0.0
2026-07-28,22.45,80.35,0.0
2026-07-28,22.55,80.35,0.0
2026-07-28,22.65,80.35,0.0
2026-07-28,22.75,80.35,0.0
2026-07-28,17.55,80.45,0.0
2026-07-28,17.65,80.45,0.0
2026-07-28,17.75,80.45,0.0
2026-07-28,17.85,80.45,0.0
2026-07-28,17.95,80.45,0.0
2026-07-28,18.05,80.45,0.0
2026-07-28,18.15,80.45,0.0
2026-07-28,18.25,80.45,0.0
2026-07-28,18.35,80.45,0.0
2026-07-28,18.45,80.45,0.0
2026-07-28,18.55,80.45,0.0
2026-07-28,18.65,80.45,0.0
2026-07-28,18.75,80.45,0.0
2026-07-28,18.85,80.45,0.0
2026-07-28,18.95,80.45,0.0
2026-07-28,19.05,80.45,2.6757557
2026-07-28,19.15,80.45,4.3866916
2026-07-28,19.25,80.45,4.9410505
2026-07-28,19.35,80.45,4.8309436
2026-07-28,19.45,80.45,4.71274
2026-07-28,19.55,80.45,4.163096
2026-07-28,19.65,80.45,3.8241723
2026-07-28,19.75,80.45,2.6749265
2026-07-28,19.85,80.45,1.3277993
2026-07-28,19.95,80.45,0.7534263
2026-07-28,20.05,80.45,0.14713433
2026-07-28,20.15,80.45,0.0
2026-07-28,20.25,80.45,0.08101081
2026-07-28,20.35,80.45,0.08294104
2026-07-28,20.45,80.45,0.6351954
2026-07-28,20.55,80.45,0.8938114
2026-07-28,20.65,80.45,1.0967121
2026-07-28,20.75,80.45,1.917648
2026-07-28,20.85,80.45,0.1966124
2026-07-28,20.95,80.45,0.1378712
2026-07-28,21.05,80.45,0.13660258
2026-07-28,21.15,80.45,0.1310031
2026-07-28,21.25,80.45,0.0
2026-07-28,21.35,80.45,0.0
2026-07-28,21.45,80.45,0.0
2026-07-28,21.55,80.45,0.0
2026-07-28,21.65,80.45,0.0
2026-07-28,21.75,80.45,0.0
2026-07-28,21.85,80.45,0.0
2026-07-28,21.95,80.45,0.0
2026-07-28,22.05,80.45,0.0
2026-07-28,22.15,80.45,0.0
2026-07-28,22.25,80.45,0.0
2026-07-28,22.35,80.45,0.0
2026-07-28,22.45,80.45,0.0
2026-07-28,22.55,80.45,0.0
2026-07-28,22.65,80.45,0.0
2026-07-28,22.75,80.45,0.0
2026-07-28,17.55,80.55,0.0
2026-07-28,17.65,80.55,0.0
2026-07-28,17.75,80.55,0.0
2026-07-28,17.85,80.55,0.0
2026-07-28,17.95,80.55,0.0
2026-07-28,18.05,80.55,0.0
2026-07-28,18.15,80.55,0.0
2026-07-28,18.25,80.55,0.0
2026-07-28,18.35,80.55,0.0
2026-07-28,18.45,80.55,0.0
2026-07-28,18.55,80.55,0.0
2026-07-28,18.65,80.55,0.0
2026-07-28,18.75,80.55,0.0
2026-07-28,18.85,80.55,0.0
2026-07-28,18.95,80.55,1.7412809
2026-07-28,19.05,80.55,2.6420112
2026-07-28,19.15,80.55,3.9190807
2026-07-28,19.25,80.55,4.800321
2026-07-28,19.35,80.55,5.3164363
2026-07-28,19.45,80.55,5.232085
2026-07-28,19.55,80.55,3.7182143
2026-07-28,19.65,80.55,3.0218463
2026-07-28,19.75,80.55,2.1494427
2026-07-28,19.85,80.55,1.4939835
2026-07-28,19.95,80.55,0.77961373
2026-07-28,20.05,80.55,0.0
2026-07-28,20.15,80.55,0.0
2026-07-28,20.25,80.55,0.13991323
2026-07-28,20.35,80.55,0.6571013
2026-07-28,20.45,80.55,0.778505
2026-07-28,20.55,80.55,1.4704211
2026-07-28,20.65,80.55,2.1195335
2026-07-28,20.75,80.55,1.8704622
2026-07-28,20.85,80.55,0.20082726
2026-07-28,20.95,80.55,0.13492003
2026-07-28,21.05,80.55,0.21551146
2026-07-28,21.15,80.55,0.16196524
2026-07-28,21.25,80.55,0.0
2026-07-28,21.35,80.55,0.0
2026-07-28,21.45,80.55,0.0
2026-07-28,21.55,80.55,0.0
2026-07-28,21.65,80.55,0.0
2026-07-28,21.75,80.55,0.0
2026-07-28,21.85,80.55,0.0
2026-07-28,21.95,80.55,0.0
2026-07-28,22.05,80.55,0.0
2026-07-28,22.15,80.55,0.0
2026-07-28,22.25,80.55,0.0
2026-07-28,22.35,80.55,0.0
2026-07-28,22.45,80.55,0.0
2026-07-28,22.55,80.55,0.0
2026-07-28,22.65,80.55,0.0
2026-07-28,22.75,80.55,0.0
2026-07-28,17.55,80.65,0.0
2026-07-28,17.65,80.65,0.0
2026-07-28,17.75,80.65,0.0
2026-07-28,17.85,80.65,0.0
2026-07-28,17.95,80.65,0.0
2026-07-28,18.05,80.65,0.0
2026-07-28,18.15,80.65,0.0
2026-07-28,18.25,80.65,0.0
2026-07-28,18.35,80.65,0.0
2026-07-28,18.45,80.65,0.0
2026-07-28,18.55,80.65,0.0
2026-07-28,18.65,80.65,0.0
2026-07-28,18.75,80.65,0.0
2026-07-28,18.85,80.65,0.0
2026-07-28,18.95,80.65,0.0
2026-07-28,19.05,80.65,2.1116662
2026-07-28,19.15,80.65,3.3537903
2026-07-28,19.25,80.65,3.9821677
2026-07-28,19.35,80.65,4.8807325
2026-07-28,19.45,80.65,5.1209054
2026-07-28,19.55,80.65,3.8497424
2026-07-28,19.65,80.65,2.666567
2026-07-28,19.75,80.65,1.6074908
2026-07-28,19.85,80.65,1.028306
2026-07-28,19.95,80.65,0.0
2026-07-28,20.05,80.65,0.0
2026-07-28,20.15,80.65,0.0
2026-07-28,20.25,80.65,0.17833787
2026-07-28,20.35,80.65,0.88959587
2026-07-28,20.45,80.65,0.65873045
2026-07-28,20.55,80.65,1.1845132
2026-07-28,20.65,80.65,2.126092
2026-07-28,20.75,80.65,2.1355436
2026-07-28,20.85,80.65,1.31718
2026-07-28,20.95,80.65,0.1730494
2026-07-28,21.05,80.65,0.24484943
2026-07-28,21.15,80.65,0.21355593
2026-07-28,21.25,80.65,0.0
2026-07-28,21.35,80.65,0.0
2026-07-28,21.45,80.65,0.0
2026-07-28,21.55,80.65,0.0
2026-07-28,21.65,80.65,0.0
2026-07-28,21.75,80.65,0.0
2026-07-28,21.85,80.65,0.0
2026-07-28,21.95,80.65,0.0
2026-07-28,22.05,80.65,0.0
2026-07-28,22.15,80.65,0.0
2026-07-28,22.25,80.65,0.0
2026-07-28,22.35,80.65,0.0
2026-07-28,22.45,80.65,0.0
2026-07-28,22.55,80.65,0.0
2026-07-28,22.65,80.65,0.0
2026-07-28,22.75,80.65,0.0
2026-07-28,17.55,80.75,0.0
2026-07-28,17.65,80.75,0.0
2026-07-28,17.75,80.75,0.0
2026-07-28,17.85,80.75,0.0
2026-07-28,17.95,80.75,0.0
2026-07-28,18.05,80.75,0.0
2026-07-28,18.15,80.75,0.0
2026-07-28,18.25,80.75,0.0
2026-07-28,18.35,80.75,0.0
2026-07-28,18.45,80.75,0.0
2026-07-28,18.55,80.75,0.0
2026-07-28,18.65,80.75,0.0
2026-07-28,18.75,80.75,0.0
2026-07-28,18.85,80.75,0.0
2026-07-28,18.95,80.75,0.0
2026-07-28,19.05,80.75,1.5227635
2026-07-28,19.15,80.75,1.9964607
2026-07-28,19.25,80.75,2.539964
2026-07-28,19.35,80.75,3.7207277
2026-07-28,19.45,80.75,3.922044
2026-07-28,19.55,80.75,3.5451872
2026-07-28,19.65,80.75,1.7428974
2026-07-28,19.75,80.75,1.0131012
2026-07-28,19.85,80.75,0.81387883
2026-07-28,19.95,80.75,0.0
2026-07-28,20.05,80.75,0.0
2026-07-28,20.15,80.75,0.0
2026-07-28,20.25,80.75,0.0
2026-07-28,20.35,80.75,0.08640138
2026-07-28,20.45,80.75,0.34483966
2026-07-28,20.55,80.75,0.6724209
2026-07-28,20.65,80.75,1.4527148
2026-07-28,20.75,80.75,1.6728203
2026-07-28,20.85,80.75,0.3688189
2026-07-28,20.95,80.75,0.30114236
2026-07-28,21.05,80.75,0.22141767
2026-07-28,21.15,80.75,0.0
2026-07-28,21.25,80.75,0.0
2026-07-28,21.35,80.75,0.0
2026-07-28,21.45,80.75,0.0
2026-07-28,21.55,80.75,0.0
2026-07-28,21.65,80.75,0.0
2026-07-28,21.75,80.75,0.0
2026-07-28,21.85,80.75,0.0
2026-07-28,21.95,80.75,0.0
2026-07-28,22.05,80.75,0.0
2026-07-28,22.15,80.75,0.0
2026-07-28,22.25,80.75,0.0
2026-07-28,22.35,80.75,0.0
2026-07-28,22.45,80.75,0.0
2026-07-28,22.55,80.75,0.0
2026-07-28,22.65,80.75,0.0
2026-07-28,22.75,80.75,0.0
2026-07-28,17.55,80.85,0.0
2026-07-28,17.65,80.85,0.0
2026-07-28,17.75,80.85,0.0
2026-07-28,17.85,80.85,0.0
2026-07-28,17.95,80.85,0.0
2026-07-28,18.05,80.85,0.0
2026-07-28,18.15,80.85,0.0
2026-07-28,18.25,80.85,0.0
2026-07-28,18.35,80.85,0.0
2026-07-28,18.45,80.85,0.0
2026-07-28,18.55,80.85,0.0
2026-07-28,18.65,80.85,0.0
2026-07-28,18.75,80.85,0.0
2026-07-28,18.85,80.85,0.0
2026-07-28,18.95,80.85,0.0
2026-07-28,19.05,80.85,0.0
2026-07-28,19.15,80.85,1.1745095
2026-07-28,19.25,80.85,1.4541993
2026-07-28,19.35,80.85,2.3764489
2026-07-28,19.45,80.85,2.8394277
2026-07-28,19.55,80.85,2.8025296
2026-07-28,19.65,80.85,1.3849332
2026-07-28,19.75,80.85,0.6020778
2026-07-28,19.85,80.85,0.52603686
2026-07-28,19.95,80.85,0.0
2026-07-28,20.05,80.85,0.0
2026-07-28,20.15,80.85,0.0
2026-07-28,20.25,80.85,0.0
2026-07-28,20.35,80.85,0.0
2026-07-28,20.45,80.85,0.30010256
2026-07-28,20.55,80.85,0.3512906
2026-07-28,20.65,80.85,0.6207224
2026-07-28,20.75,80.85,0.1906684
2026-07-28,20.85,80.85,0.28349173
2026-07-28,20.95,80.85,0.31573194
2026-07-28,21.05,80.85,0.24628867
2026-07-28,21.15,80.85,0.0
2026-07-28,21.25,80.85,0.0
2026-07-28,21.35,80.85,0.0
2026-07-28,21.45,80.85,0.0
2026-07-28,21.55,80.85,0.0
2026-07-28,21.65,80.85,0.0
2026-07-28,21.75,80.85,0.0
2026-07-28,21.85,80.85,0.0
2026-07-28,21.95,80.85,0.0
2026-07-28,22.05,80.85,0.0
2026-07-28,22.15,80.85,0.0
2026-07-28,22.25,80.85,0.0
2026-07-28,22.35,80.85,0.0
2026-07-28,22.45,80.85,0.0
2026-07-28,22.55,80.85,0.0
2026-07-28,22.65,80.85,0.0
2026-07-28,22.75,80.85,0.0
2026-07-28,17.55,80.95,0.0
2026-07-28,17.65,80.95,0.0
2026-07-28,17.75,80.95,0.0
2026-07-28,17.85,80.95,0.0
2026-07-28,17.95,80.95,0.0
2026-07-28,18.05,80.95,0.0
2026-07-28,18.15,80.95,0.0
2026-07-28,18.25,80.95,0.0
2026-07-28,18.35,80.95,0.0
2026-07-28,18.45,80.95,0.0
2026-07-28,18.55,80.95,0.0
2026-07-28,18.65,80.95,0.0
2026-07-28,18.75,80.95,0.0
2026-07-28,18.85,80.95,0.0
2026-07-28,18.95,80.95,0.0
2026-07-28,19.05,80.95,0.0
2026-07-28,19.15,80.95,0.0
2026-07-28,19.25,80.95,0.0
2026-07-28,19.35,80.95,0.9088362
2026-07-28,19.45,80.95,1.2133497
2026-07-28,19.55,80.95,1.3020307
2026-07-28,19.65,80.95,1.0091115
2026-07-28,19.75,80.95,0.5777029
2026-07-28,19.85,80.95,0.6289826
2026-07-28,19.95,80.95,0.0
2026-07-28,20.05,80.95,0.0
2026-07-28,20.15,80.95,0.0
2026-07-28,20.25,80.95,0.0
2026-07-28,20.35,80.95,0.0
2026-07-28,20.45,80.95,0.32083675
2026-07-28,20.55,80.95,0.2976907
2026-07-28,20.65,80.95,0.27452123
2026-07-28,20.75,80.95,0.0
2026-07-28,20.85,80.95,0.0
2026-07-28,20.95,80.95,0.12153356
2026-07-28,21.05,80.95,0.0
2026-07-28,21.15,80.95,0.0
2026-07-28,21.25,80.95,0.0
2026-07-28,21.35,80.95,0.0
2026-07-28,21.45,80.95,0.0
2026-07-28,21.55,80.95,0.0
2026-07-28,21.65,80.95,0.0
2026-07-28,21.75,80.95,0.0
2026-07-28,21.85,80.95,0.0
2026-07-28,21.95,80.95,0.0
2026-07-28,22.05,80.95,0.0
2026-07-28,22.15,80.95,0.0
2026-07-28,22.25,80.95,0.0
2026-07-28,22.35,80.95,0.0
2026-07-28,22.45,80.95,0.0
2026-07-28,22.55,80.95,0.0
2026-07-28,22.65,80.95,0.0
2026-07-28,22.75,80.95,0.0
2026-07-28,17.55,81.05,0.0
2026-07-28,17.65,81.05,0.0
2026-07-28,17.75,81.05,0.0
2026-07-28,17.85,81.05,0.0
2026-07-28,17.95,81.05,0.0
2026-07-28,18.05,81.05,0.0
2026-07-28,18.15,81.05,0.0
2026-07-28,18.25,81.05,0.0
2026-07-28,18.35,81.05,0.0
2026-07-28,18.45,81.05,0.0
2026-07-28,18.55,81.05,0.0
2026-07-28,18.65,81.05,0.0
2026-07-28,18.75,81.05,0.0
2026-07-28,18.85,81.05,0.0
2026-07-28,18.95,81.05,0.0
2026-07-28,19.05,81.05,0.0
2026-07-28,19.15,81.05,0.0
2026-07-28,19.25,81.05,0.0
2026-07-28,19.35,81.05,0.6124685
2026-07-28,19.45,81.05,0.64201546
2026-07-28,19.55,81.05,0.845468
2026-07-28,19.65,81.05,0.78125715
2026-07-28,19.75,81.05,0.6677948
2026-07-28,19.85,81.05,0.6404408
2026-07-28,19.95,81.05,0.0
2026-07-28,20.05,81.05,0.0
2026-07-28,20.15,81.05,0.0
2026-07-28,20.25,81.05,0.0
2026-07-28,20.35,81.05,0.0
2026-07-28,20.45,81.05,0.0
2026-07-28,20.55,81.05,0.0
2026-07-28,20.65,81.05,0.0
2026-07-28,20.75,81.05,0.0
2026-07-28,20.85,81.05,0.0
2026-07-28,20.95,81.05,0.0
2026-07-28,21.05,81.05,0.0
2026-07-28,21.15,81.05,0.0
2026-07-28,21.25,81.05,0.0
2026-07-28,21.35,81.05,0.0
2026-07-28,21.45,81.05,0.0
2026-07-28,21.55,81.05,0.0
2026-07-28,21.65,81.05,0.0
2026-07-28,21.75,81.05,0.0
2026-07-28,21.85,81.05,0.0
2026-07-28,21.95,81.05,0.0
2026-07-28,22.05,81.05,0.0
2026-07-28,22.15,81.05,0.0
2026-07-28,22.25,81.05,0.0
2026-07-28,22.35,81.05,0.0
2026-07-28,22.45,81.05,0.0
2026-07-28,22.55,81.05,0.0
2026-07-28,22.65,81.05,0.0
2026-07-28,22.75,81.05,0.0
2026-07-28,17.55,81.15,0.0
2026-07-28,17.65,81.15,0.0
2026-07-28,17.75,81.15,0.0
2026-07-28,17.85,81.15,0.0
2026-07-28,17.95,81.15,0.0
2026-07-28,18.05,81.15,0.0
2026-07-28,18.15,81.15,0.0
2026-07-28,18.25,81.15,0.0
2026-07-28,18.35,81.15,0.0
2026-07-28,18.45,81.15,0.0
2026-07-28,18.55,81.15,0.0
2026-07-28,18.65,81.15,0.0
2026-07-28,18.75,81.15,0.0
2026-07-28,18.85,81.15,0.0
2026-07-28,18.95,81.15,0.0
2026-07-28,19.05,81.15,0.0
2026-07-28,19.15,81.15,0.0
2026-07-28,19.25,81.15,0.65196526
2026-07-28,19.35,81.15,0.6089506
2026-07-28,19.45,81.15,0.5956273
2026-07-28,19.55,81.15,0.65118665
2026-07-28,19.65,81.15,0.8181607
2026-07-28,19.75,81.15,0.60050476
2026-07-28,19.85,81.15,0.7098074
2026-07-28,19.95,81.15,0.7582457
2026-07-28,20.05,81.15,0.0
2026-07-28,20.15,81.15,0.0
2026-07-28,20.25,81.15,0.0
2026-07-28,20.35,81.15,0.0
2026-07-28,20.45,81.15,0.0
2026-07-28,20.55,81.15,0.0
2026-07-28,20.65,81.15,0.0
2026-07-28,20.75,81.15,0.0
2026-07-28,20.85,81.15,0.0
2026-07-28,20.95,81.15,0.0
2026-07-28,21.05,81.15,0.0
2026-07-28,21.15,81.15,0.0
2026-07-28,21.25,81.15,0.0
2026-07-28,21.35,81.15,0.0
2026-07-28,21.45,81.15,0.0
2026-07-28,21.55,81.15,0.0
2026-07-28,21.65,81.15,0.0
2026-07-28,21.75,81.15,0.0
2026-07-28,21.85,81.15,0.0
2026-07-28,21.95,81.15,0.0
2026-07-28,22.05,81.15,0.0
2026-07-28,22.15,81.15,0.0
2026-07-28,22.25,81.15,0.0
2026-07-28,22.35,81.15,0.0
2026-07-28,22.45,81.15,0.0
2026-07-28,22.55,81.15,0.0
2026-07-28,22.65,81.15,0.0
2026-07-28,22.75,81.15,0.0
2026-07-28,17.55,81.25,0.0
2026-07-28,17.65,81.25,0.0
2026-07-28,17.75,81.25,0.0
2026-07-28,17.85,81.25,0.0
2026-07-28,17.95,81.25,0.0
2026-07-28,18.05,81.25,0.0
2026-07-28,18.15,81.25,0.0
2026-07-28,18.25,81.25,0.0
2026-07-28,18.35,81.25,0.0
2026-07-28,18.45,81.25,0.0
2026-07-28,18.55,81.25,0.0
2026-07-28,18.65,81.25,0.0
2026-07-28,18.75,81.25,0.0
2026-07-28,18.85,81.25,0.0
2026-07-28,18.95,81.25,0.0
2026-07-28,19.05,81.25,0.0
2026-07-28,19.15,81.25,0.0
2026-07-28,19.25,81.25,0.0
2026-07-28,19.35,81.25,0.0
2026-07-28,19.45,81.25,0.5930061
2026-07-28,19.55,81.25,0.7768057
2026-07-28,19.65,81.25,1.1198933
2026-07-28,19.75,81.25,0.80558985
2026-07-28,19.85,81.25,0.617264
2026-07-28,19.95,81.25,0.0
2026-07-28,20.05,81.25,0.0
2026-07-28,20.15,81.25,0.0
2026-07-28,20.25,81.25,0.0
2026-07-28,20.35,81.25,0.0
2026-07-28,20.45,81.25,0.0
2026-07-28,20.55,81.25,0.0
2026-07-28,20.65,81.25,0.0
2026-07-28,20.75,81.25,0.0
2026-07-28,20.85,81.25,0.0
2026-07-28,20.95,81.25,0.0
2026-07-28,21.05,81.25,0.0
2026-07-28,21.15,81.25,0.0
2026-07-28,21.25,81.25,0.0
2026-07-28,21.35,81.25,0.0
2026-07-28,21.45,81.25,0.0
2026-07-28,21.55,81.25,0.0
2026-07-28,21.65,81.25,0.0
2026-07-28,21.75,81.25,0.0
2026-07-28,21.85,81.25,0.0
2026-07-28,21.95,81.25,0.0
2026-07-28,22.05,81.25,0.0
2026-07-28,22.15,81.25,0.0
2026-07-28,22.25,81.25,0.0
2026-07-28,22.35,81.25,0.0
2026-07-28,22.45,81.25,0.0
2026-07-28,22.55,81.25,0.0
2026-07-28,22.65,81.25,0.0
2026-07-28,22.75,81.25,0.0
2026-07-28,17.55,81.35,0.0
2026-07-28,17.65,81.35,0.0
2026-07-28,17.75,81.35,0.0
2026-07-28,17.85,81.35,0.0
2026-07-28,17.95,81.35,0.0
2026-07-28,18.05,81.35,0.0
2026-07-28,18.15,81.35,0.0
2026-07-28,18.25,81.35,0.0
2026-07-28,18.35,81.35,0.0
2026-07-28,18.45,81.35,0.0
2026-07-28,18.55,81.35,0.0
2026-07-28,18.65,81.35,0.0
2026-07-28,18.75,81.35,0.0
2026-07-28,18.85,81.35,0.0
2026-07-28,18.95,81.35,0.0
2026-07-28,19.05,81.35,0.0
2026-07-28,19.15,81.35,0.72443074
2026-07-28,19.25,81.35,0.9329127
2026-07-28,19.35,81.35,1.0117499
2026-07-28,19.45,81.35,0.9642565
2026-07-28,19.55,81.35,1.1545675
2026-07-28,19.65,81.35,1.6346045
2026-07-28,19.75,81.35,1.1906224
2026-07-28,19.85,81.35,0.816409
2026-07-28,19.95,81.35,0.0
2026-07-28,20.05,81.35,0.0
2026-07-28,20.15,81.35,0.0
2026-07-28,20.25,81.35,0.0
2026-07-28,20.35,81.35,0.0
2026-07-28,20.45,81.35,0.0
2026-07-28,20.55,81.35,0.0
2026-07-28,20.65,81.35,0.0
2026-07-28,20.75,81.35,0.0
2026-07-28,20.85,81.35,0.0
2026-07-28,20.95,81.35,0.0
2026-07-28,21.05,81.35,0.0
2026-07-28,21.15,81.35,0.0
2026-07-28,21.25,81.35,0.0
2026-07-28,21.35,81.35,0.0
2026-07-28,21.45,81.35,0.0
2026-07-28,21.55,81.35,0.0
2026-07-28,21.65,81.35,0.0
2026-07-28,21.75,81.35,0.0
2026-07-28,21.85,81.35,0.0
2026-07-28,21.95,81.35,0.0
2026-07-28,22.05,81.35,0.0
2026-07-28,22.15,81.35,0.0
2026-07-28,22.25,81.35,0.0
2026-07-28,22.35,81.35,0.0
2026-07-28,22.45,81.35,0.0
2026-07-28,22.55,81.35,0.0
2026-07-28,22.65,81.35,0.0
2026-07-28,22.75,81.35,0.0
2026-07-28,17.55,81.45,0.0
2026-07-28,17.65,81.45,0.0
2026-07-28,17.75,81.45,0.0
2026-07-28,17.85,81.45,0.0
2026-07-28,17.95,81.45,0.0
2026-07-28,18.05,81.45,0.0
2026-07-28,18.15,81.45,0.0
2026-07-28,18.25,81.45,0.0
2026-07-28,18.35,81.45,0.0
2026-07-28,18.45,81.45,0.0
2026-07-28,18.55,81.45,0.0
2026-07-28,18.65,81.45,0.0
2026-07-28,18.75,81.45,0.0
2026-07-28,18.85,81.45,0.0
2026-07-28,18.95,81.45,0.0
2026-07-28,19.05,81.45,0.78927505
2026-07-28,19.15,81.45,0.88163453
2026-07-28,19.25,81.45,1.0619017
2026-07-28,19.35,81.45,1.2120712
2026-07-28,19.45,81.45,0.0
2026-07-28,19.55,81.45,1.2169577
2026-07-28,19.65,81.45,1.7138904
2026-07-28,19.75,81.45,1.496628
2026-07-28,19.85,81.45,1.1567172
2026-07-28,19.95,81.45,0.0
2026-07-28,20.05,81.45,0.0
2026-07-28,20.15,81.45,0.0
2026-07-28,20.25,81.45,0.0
2026-07-28,20.35,81.45,0.0
2026-07-28,20.45,81.45,0.0
2026-07-28,20.55,81.45,0.0
2026-07-28,20.65,81.45,0.0
2026-07-28,20.75,81.45,0.0
2026-07-28,20.85,81.45,0.0
2026-07-28,20.95,81.45,0.0
2026-07-28,21.05,81.45,0.0
2026-07-28,21.15,81.45,0.0
2026-07-28,21.25,81.45,0.0
2026-07-28,21.35,81.45,0.0
2026-07-28,21.45,81.45,0.0
2026-07-28,21.55,81.45,0.0
2026-07-28,21.65,81.45,0.0
2026-07-28,21.75,81.45,0.0
2026-07-28,21.85,81.45,0.0
2026-07-28,21.95,81.45,0.0
2026-07-28,22.05,81.45,0.0
2026-07-28,22.15,81.45,0.0
2026-07-28,22.25,81.45,0.0
2026-07-28,22.35,81.45,0.0
2026-07-28,22.45,81.45,0.0
2026-07-28,22.55,81.45,0.0
2026-07-28,22.65,81.45,0.0
2026-07-28,22.75,81.45,0.0
2026-07-28,17.55,81.55,1.3145899
2026-07-28,17.65,81.55,0.0
2026-07-28,17.75,81.55,0.0
2026-07-28,17.85,81.55,0.0
2026-07-28,17.95,81.55,0.0
2026-07-28,18.05,81.55,0.0
2026-07-28,18.15,81.55,0.0
2026-07-28,18.25,81.55,0.0
2026-07-28,18.35,81.55,0.0
2026-07-28,18.45,81.55,0.0
2026-07-28,18.55,81.55,0.0
2026-07-28,18.65,81.55,0.0
2026-07-28,18.75,81.55,0.0
2026-07-28,18.85,81.55,0.0
2026-07-28,18.95,81.55,0.0
2026-07-28,19.05,81.55,0.9066596
2026-07-28,19.15,81.55,1.1538701
2026-07-28,19.25,81.55,1.4223022
2026-07-28,19.35,81.55,1.3370466
2026-07-28,19.45,81.55,0.0
2026-07-28,19.55,81.55,1.7597711
2026-07-28,19.65,81.55,1.8571242
2026-07-28,19.75,81.55,1.7396276
2026-07-28,19.85,81.55,0.0
2026-07-28,19.95,81.55,0.0
2026-07-28,20.05,81.55,0.0
2026-07-28,20.15,81.55,0.0
2026-07-28,20.25,81.55,0.0
2026-07-28,20.35,81.55,0.0
2026-07-28,20.45,81.55,0.0
2026-07-28,20.55,81.55,0.0
2026-07-28,20.65,81.55,0.0
2026-07-28,20.75,81.55,0.0
2026-07-28,20.85,81.55,0.0
2026-07-28,20.95,81.55,0.0
2026-07-28,21.05,81.55,0.0
2026-07-28,21.15,81.55,0.0
2026-07-28,21.25,81.55,0.0
2026-07-28,21.35,81.55,0.0
2026-07-28,21.45,81.55,0.0
2026-07-28,21.55,81.55,0.0
2026-07-28,21.65,81.55,0.0
2026-07-28,21.75,81.55,0.0
2026-07-28,21.85,81.55,0.0
2026-07-28,21.95,81.55,0.0
2026-07-28,22.05,81.55,0.0
2026-07-28,22.15,81.55,0.0
2026-07-28,22.25,81.55,0.0
2026-07-28,22.35,81.55,0.0
2026-07-28,22.45,81.55,0.0
2026-07-28,22.55,81.55,0.0
2026-07-28,22.65,81.55,0.0
2026-07-28,22.75,81.55,0.0
2026-07-28,17.55,81.65,1.6300294
2026-07-28,17.65,81.65,0.0
2026-07-28,17.75,81.65,0.0
2026-07-28,17.85,81.65,0.0
2026-07-28,17.95,81.65,0.0
2026-07-28,18.05,81.65,0.0
2026-07-28,18.15,81.65,0.0
2026-07-28,18.25,81.65,0.0
2026-07-28,18.35,81.65,0.0
2026-07-28,18.45,81.65,0.0
2026-07-28,18.55,81.65,0.0
2026-07-28,18.65,81.65,0.0
2026-07-28,18.75,81.65,0.0
2026-07-28,18.85,81.65,0.0
2026-07-28,18.95,81.65,0.0
2026-07-28,19.05,81.65,0.9767306
2026-07-28,19.15,81.65,1.210051
2026-07-28,19.25,81.65,1.4036252
2026-07-28,19.35,81.65,1.3035682
2026-07-28,19.45,81.65,1.6115172
2026-07-28,19.55,81.65,2.4766026
2026-07-28,19.65,81.65,2.477045
2026-07-28,19.75,81.65,1.917869
2026-07-28,19.85,81.65,1.197652
2026-07-28,19.95,81.65,0.0
2026-07-28,20.05,81.65,0.0
2026-07-28,20.15,81.65,0.0
2026-07-28,20.25,81.65,0.0
2026-07-28,20.35,81.65,0.0
2026-07-28,20.45,81.65,0.0
2026-07-28,20.55,81.65,0.0
2026-07-28,20.65,81.65,0.0
2026-07-28,20.75,81.65,0.0
2026-07-28,20.85,81.65,0.0
2026-07-28,20.95,81.65,0.0
2026-07-28,21.05,81.65,0.0
2026-07-28,21.15,81.65,0.0
2026-07-28,21.25,81.65,0.0
2026-07-28,21.35,81.65,0.0
2026-07-28,21.45,81.65,0.0
2026-07-28,21.55,81.65,0.0
2026-07-28,21.65,81.65,0.0
2026-07-28,21.75,81.65,0.0
2026-07-28,21.85,81.65,0.0
2026-07-28,21.95,81.65,0.0
2026-07-28,22.05,81.65,0.0
2026-07-28,22.15,81.65,0.0
2026-07-28,22.25,81.65,0.0
2026-07-28,22.35,81.65,0.0
2026-07-28,22.45,81.65,0.0
2026-07-28,22.55,81.65,0.0
2026-07-28,22.65,81.65,0.0
2026-07-28,22.75,81.65,0.0
2026-07-28,17.55,81.75,1.999746
2026-07-28,17.65,81.75,1.2425314
2026-07-28,17.75,81.75,0.0
2026-07-28,17.85,81.75,0.0
2026-07-28,17.95,81.75,0.0
2026-07-28,18.05,81.75,0.0
2026-07-28,18.15,81.75,0.0
2026-07-28,18.25,81.75,0.0
2026-07-28,18.35,81.75,0.0
2026-07-28,18.45,81.75,0.0
2026-07-28,18.55,81.75,0.0
2026-07-28,18.65,81.75,0.0
2026-07-28,18.75,81.75,0.0
2026-07-28,18.85,81.75,0.0
2026-07-28,18.95,81.75,0.8281407
2026-07-28,19.05,81.75,1.0905269
2026-07-28,19.15,81.75,1.1434932
2026-07-28,19.25,81.75,1.2922648
2026-07-28,19.35,81.75,1.6931659
2026-07-28,19.45,81.75,3.0213215
2026-07-28,19.55,81.75,3.9044862
2026-07-28,19.65,81.75,3.9313402
2026-07-28,19.75,81.75,2.693753
2026-07-28,19.85,81.75,1.546416
2026-07-28,19.95,81.75,0.0
2026-07-28,20.05,81.75,0.0
2026-07-28,20.15,81.75,0.0
2026-07-28,20.25,81.75,0.0
2026-07-28,20.35,81.75,0.0
2026-07-28,20.45,81.75,0.0
2026-07-28,20.55,81.75,0.0
2026-07-28,20.65,81.75,0.0
2026-07-28,20.75,81.75,0.0
2026-07-28,20.85,81.75,0.0
2026-07-28,20.95,81.75,0.0
2026-07-28,21.05,81.75,0.1318489
2026-07-28,21.15,81.75,0.14529628
2026-07-28,21.25,81.75,0.0
2026-07-28,21.35,81.75,0.0
2026-07-28,21.45,81.75,0.0
2026-07-28,21.55,81.75,0.0
2026-07-28,21.65,81.75,0.0
2026-07-28,21.75,81.75,0.0
2026-07-28,21.85,81.75,0.0
2026-07-28,21.95,81.75,0.0
2026-07-28,22.05,81.75,0.0
2026-07-28,22.15,81.75,0.0
2026-07-28,22.25,81.75,0.0
2026-07-28,22.35,81.75,0.0
2026-07-28,22.45,81.75,0.0
2026-07-28,22.55,81.75,0.0
2026-07-28,22.65,81.75,0.0
2026-07-28,22.75,81.75,0.0
2026-07-28,17.55,81.85,2.625224
2026-07-28,17.65,81.85,1.3742802
2026-07-28,17.75,81.85,0.0
2026-07-28,17.85,81.85,0.0
2026-07-28,17.95,81.85,0.0
2026-07-28,18.05,81.85,0.0
2026-07-28,18.15,81.85,0.0
2026-07-28,18.25,81.85,0.0
2026-07-28,18.35,81.85,0.0
2026-07-28,18.45,81.85,0.0
2026-07-28,18.55,81.85,0.0
2026-07-28,18.65,81.85,0.0
2026-07-28,18.75,81.85,0.0
2026-07-28,18.85,81.85,0.0
2026-07-28,18.95,81.85,0.8293213
2026-07-28,19.05,81.85,1.0515438
2026-07-28,19.15,81.85,1.1119952
2026-07-28,19.25,81.85,1.3903326
2026-07-28,19.35,81.85,1.9554421
2026-07-28,19.45,81.85,4.034561
2026-07-28,19.55,81.85,4.634879
2026-07-28,19.65,81.85,4.3837557
2026-07-28,19.75,81.85,2.9741147
2026-07-28,19.85,81.85,1.7349193
2026-07-28,19.95,81.85,0.0
2026-07-28,20.05,81.85,0.0
2026-07-28,20.15,81.85,0.0
2026-07-28,20.25,81.85,0.0
2026-07-28,20.35,81.85,0.0
2026-07-28,20.45,81.85,0.0
2026-07-28,20.55,81.85,0.0
2026-07-28,20.65,81.85,0.0
2026-07-28,20.75,81.85,0.0
2026-07-28,20.85,81.85,0.0
2026-07-28,20.95,81.85,0.120511875
2026-07-28,21.05,81.85,0.13010788
2026-07-28,21.15,81.85,0.13298209
2026-07-28,21.25,81.85,0.0
2026-07-28,21.35,81.85,0.0
2026-07-28,21.45,81.85,0.0
2026-07-28,21.55,81.85,0.0
2026-07-28,21.65,81.85,0.0
2026-07-28,21.75,81.85,0.0
2026-07-28,21.85,81.85,0.0
2026-07-28,21.95,81.85,0.0
2026-07-28,22.05,81.85,0.0
2026-07-28,22.15,81.85,0.0
2026-07-28,22.25,81.85,0.0
2026-07-28,22.35,81.85,0.0
2026-07-28,22.45,81.85,0.0
2026-07-28,22.55,81.85,0.0
2026-07-28,22.65,81.85,0.0
2026-07-28,22.75,81.85,0.0
2026-07-28,17.55,81.95,2.5834117
2026-07-28,17.65,81.95,1.6245067
2026-07-28,17.75,81.95,0.0
2026-07-28,17.85,81.95,0.0
2026-07-28,17.95,81.95,0.0
2026-07-28,18.05,81.95,0.0
2026-07-28,18.15,81.95,0.0
2026-07-28,18.25,81.95,0.0
2026-07-28,18.35,81.95,0.0
2026-07-28,18.45,81.95,0.0
2026-07-28,18.55,81.95,0.0
2026-07-28,18.65,81.95,0.0
2026-07-28,18.75,81.95,0.0
2026-07-28,18.85,81.95,0.0
2026-07-28,18.95,81.95,0.0
2026-07-28,19.05,81.95,0.83902544
2026-07-28,19.15,81.95,0.8985106
2026-07-28,19.25,81.95,1.4749844
2026-07-28,19.35,81.95,2.6621273
2026-07-28,19.45,81.95,4.372237
2026-07-28,19.55,81.95,4.534892
2026-07-28,19.65,81.95,3.2264605
2026-07-28,19.75,81.95,2.1509845
2026-07-28,19.85,81.95,1.7822088
2026-07-28,19.95,81.95,0.0
2026-07-28,20.05,81.95,0.0
2026-07-28,20.15,81.95,0.0
2026-07-28,20.25,81.95,0.0
2026-07-28,20.35,81.95,0.0
2026-07-28,20.45,81.95,0.0
2026-07-28,20.55,81.95,0.0
2026-07-28,20.65,81.95,0.0
2026-07-28,20.75,81.95,0.0
2026-07-28,20.85,81.95,0.0
2026-07-28,20.95,81.95,0.124760084
2026-07-28,21.05,81.95,0.16740204
2026-07-28,21.15,81.95,0.193145
2026-07-28,21.25,81.95,0.17914502
2026-07-28,21.35,81.95,0.0
2026-07-28,21.45,81.95,0.0
2026-07-28,21.55,81.95,0.0
2026-07-28,21.65,81.95,0.0
2026-07-28,21.75,81.95,0.0
2026-07-28,21.85,81.95,0.0
2026-07-28,21.95,81.95,0.0
2026-07-28,22.05,81.95,0.0
2026-07-28,22.15,81.95,0.0
2026-07-28,22.25,81.95,0.0
2026-07-28,22.35,81.95,0.0
2026-07-28,22.45,81.95,0.0
2026-07-28,22.55,81.95,0.0
2026-07-28,22.65,81.95,0.0
2026-07-28,22.75,81.95,0.0
2026-07-28,17.55,82.05,2.55605
2026-07-28,17.65,82.05,1.5968752
2026-07-28,17.75,82.05,0.0
2026-07-28,17.85,82.05,0.0
2026-07-28,17.95,82.05,0.0
2026-07-28,18.05,82.05,0.0
2026-07-28,18.15,82.05,0.0
2026-07-28,18.25,82.05,0.0
2026-07-28,18.35,82.05,0.0
2026-07-28,18.45,82.05,0.0
2026-07-28,18.55,82.05,0.0
2026-07-28,18.65,82.05,0.0
2026-07-28,18.75,82.05,0.0
2026-07-28,18.85,82.05,0.0
2026-07-28,18.95,82.05,0.0
2026-07-28,19.05,82.05,0.5869314
2026-07-28,19.15,82.05,0.839934
2026-07-28,19.25,82.05,1.5327747
2026-07-28,19.35,82.05,3.2890308
2026-07-28,19.45,82.05,3.7219012
2026-07-28,19.55,82.05,3.529691
2026-07-28,19.65,82.05,2.7776864
2026-07-28,19.75,82.05,1.8957379
2026-07-28,19.85,82.05,0.0
2026-07-28,19.95,82.05,0.0
2026-07-28,20.05,82.05,0.0
2026-07-28,20.15,82.05,0.0
2026-07-28,20.25,82.05,0.0
2026-07-28,20.35,82.05,0.0
2026-07-28,20.45,82.05,0.0
2026-07-28,20.55,82.05,0.1171254
2026-07-28,20.65,82.05,0.11140888
2026-07-28,20.75,82.05,0.0
2026-07-28,20.85,82.05,0.0
2026-07-28,20.95,82.05,0.21257919
2026-07-28,21.05,82.05,0.18661681
2026-07-28,21.15,82.05,0.25466856
2026-07-28,21.25,82.05,0.16443528
2026-07-28,21.35,82.05,0.0
2026-07-28,21.45,82.05,0.0
2026-07-28,21.55,82.05,0.0
2026-07-28,21.65,82.05,0.0
2026-07-28,21.75,82.05,0.0
2026-07-28,21.85,82.05,0.0
2026-07-28,21.95,82.05,0.0
2026-07-28,22.05,82.05,0.0
2026-07-28,22.15,82.05,0.0
2026-07-28,22.25,82.05,0.0
2026-07-28,22.35,82.05,0.0
2026-07-28,22.45,82.05,0.0
2026-07-28,22.55,82.05,0.0
2026-07-28,22.65,82.05,0.0
2026-07-28,22.75,82.05,0.0
2026-07-28,17.55,82.15,1.9769347
2026-07-28,17.65,82.15,0.0
2026-07-28,17.75,82.15,0.0
2026-07-28,17.85,82.15,0.0
2026-07-28,17.95,82.15,0.0
2026-07-28,18.05,82.15,0.0
2026-07-28,18.15,82.15,0.0
2026-07-28,18.25,82.15,0.0
2026-07-28,18.35,82.15,0.0
2026-07-28,18.45,82.15,0.0
2026-07-28,18.55,82.15,0.0
2026-07-28,18.65,82.15,0.0
2026-07-28,18.75,82.15,0.0
2026-07-28,18.85,82.15,0.0
2026-07-28,18.95,82.15,0.0
2026-07-28,19.05,82.15,0.0
2026-07-28,19.15,82.15,0.95797986
2026-07-28,19.25,82.15,0.8723124
2026-07-28,19.35,82.15,2.2768908
2026-07-28,19.45,82.15,3.0701413
2026-07-28,19.55,82.15,2.78825
2026-07-28,19.65,82.15,2.1074462
2026-07-28,19.75,82.15,0.0
2026-07-28,19.85,82.15,0.0
2026-07-28,19.95,82.15,0.0
2026-07-28,20.05,82.15,0.0
2026-07-28,20.15,82.15,0.0
2026-07-28,20.25,82.15,0.0
2026-07-28,20.35,82.15,0.0
2026-07-28,20.45,82.15,0.12618071
2026-07-28,20.55,82.15,0.10543197
2026-07-28,20.65,82.15,0.11126256
2026-07-28,20.75,82.15,0.17684384
2026-07-28,20.85,82.15,0.19352646
2026-07-28,20.95,82.15,0.23071393
2026-07-28,21.05,82.15,0.19919468
2026-07-28,21.15,82.15,0.29416227
2026-07-28,21.25,82.15,0.0
2026-07-28,21.35,82.15,0.0
2026-07-28,21.45,82.15,0.0
2026-07-28,21.55,82.15,0.0
2026-07-28,21.65,82.15,0.0
2026-07-28,21.75,82.15,0.0
2026-07-28,21.85,82.15,0.0
2026-07-28,21.95,82.15,0.0
2026-07-28,22.05,82.15,0.0
2026-07-28,22.15,82.15,0.0
2026-07-28,22.25,82.15,0.0
2026-07-28,22.35,82.15,0.0
2026-07-28,22.45,82.15,0.0
2026-07-28,22.55,82.15,0.0
2026-07-28,22.65,82.15,0.0
2026-07-28,22.75,82.15,0.0
2026-07-28,17.55,82.25,0.0
2026-07-28,17.65,82.25,0.0
2026-07-28,17.75,82.25,0.0
2026-07-28,17.85,82.25,0.0
2026-07-28,17.95,82.25,0.0
2026-07-28,18.05,82.25,0.0
2026-07-28,18.15,82.25,0.0
2026-07-28,18.25,82.25,0.0
2026-07-28,18.35,82.25,0.0
2026-07-28,18.45,82.25,0.0
2026-07-28,18.55,82.25,0.0
2026-07-28,18.65,82.25,0.0
2026-07-28,18.75,82.25,0.0
2026-07-28,18.85,82.25,0.0
2026-07-28,18.95,82.25,0.0
2026-07-28,19.05,82.25,0.0
2026-07-28,19.15,82.25,0.78388023
2026-07-28,19.25,82.25,0.5511238
2026-07-28,19.35,82.25,1.4602989
2026-07-28,19.45,82.25,2.258382
2026-07-28,19.55,82.25,1.8775104
2026-07-28,19.65,82.25,0.0
2026-07-28,19.75,82.25,0.0
2026-07-28,19.85,82.25,0.0
2026-07-28,19.95,82.25,0.0
2026-07-28,20.05,82.25,0.0
2026-07-28,20.15,82.25,0.0
2026-07-28,20.25,82.25,0.0
2026-07-28,20.35,82.25,0.0
2026-07-28,20.45,82.25,0.0
2026-07-28,20.55,82.25,0.10585152
2026-07-28,20.65,82.25,0.1099782
2026-07-28,20.75,82.25,0.0
2026-07-28,20.85,82.25,0.0
2026-07-28,20.95,82.25,0.21083769
2026-07-28,21.05,82.25,0.3018205
2026-07-28,21.15,82.25,0.0
2026-07-28,21.25,82.25,0.0
2026-07-28,21.35,82.25,0.0
2026-07-28,21.45,82.25,0.0
2026-07-28,21.55,82.25,0.0
2026-07-28,21.65,82.25,0.0
2026-07-28,21.75,82.25,0.0
2026-07-28,21.85,82.25,0.0
2026-07-28,21.95,82.25,0.0
2026-07-28,22.05,82.25,0.0
2026-07-28,22.15,82.25,0.0
2026-07-28,22.25,82.25,0.0
2026-07-28,22.35,82.25,0.0
2026-07-28,22.45,82.25,0.0
2026-07-28,22.55,82.25,0.0
2026-07-28,22.65,82.25,0.0
2026-07-28,22.75,82.25,0.0
2026-07-28,17.55,82.35,0.0
2026-07-28,17.65,82.35,0.0
2026-07-28,17.75,82.35,0.0
2026-07-28,17.85,82.35,1.4391183
2026-07-28,17.95,82.35,0.0
2026-07-28,18.05,82.35,0.0
2026-07-28,18.15,82.35,0.0
2026-07-28,18.25,82.35,0.28975126
2026-07-28,18.35,82.35,0.0
2026-07-28,18.45,82.35,0.0
2026-07-28,18.55,82.35,0.0
2026-07-28,18.65,82.35,0.0
2026-07-28,18.75,82.35,0.0
2026-07-28,18.85,82.35,0.0
2026-07-28,18.95,82.35,0.0
2026-07-28,19.05,82.35,0.0
2026-07-28,19.15,82.35,0.54767257
2026-07-28,19.25,82.35,0.71647865
2026-07-28,19.35,82.35,0.9272978
2026-07-28,19.45,82.35,1.5169711
2026-07-28,19.55,82.35,1.3461543
2026-07-28,19.65,82.35,0.0
2026-07-28,19.75,82.35,0.0
2026-07-28,19.85,82.35,0.0
2026-07-28,19.95,82.35,0.0
2026-07-28,20.05,82.35,0.0
2026-07-28,20.15,82.35,0.0
2026-07-28,20.25,82.35,0.0
2026-07-28,20.35,82.35,0.0
2026-07-28,20.45,82.35,0.0
2026-07-28,20.55,82.35,0.0
2026-07-28,20.65,82.35,0.0
2026-07-28,20.75,82.35,0.0
2026-07-28,20.85,82.35,0.0
2026-07-28,20.95,82.35,0.2596583
2026-07-28,21.05,82.35,0.0
2026-07-28,21.15,82.35,0.0
2026-07-28,21.25,82.35,0.0
2026-07-28,21.35,82.35,0.0
2026-07-28,21.45,82.35,0.0
2026-07-28,21.55,82.35,0.0
2026-07-28,21.65,82.35,0.0
2026-07-28,21.75,82.35,0.0
2026-07-28,21.85,82.35,0.0
2026-07-28,21.95,82.35,0.0
2026-07-28,22.05,82.35,0.0
2026-07-28,22.15,82.35,0.0
2026-07-28,22.25,82.35,0.0
2026-07-28,22.35,82.35,0.0
2026-07-28,22.45,82.35,0.0
2026-07-28,22.55,82.35,0.19669332
2026-07-28,22.65,82.35,0.29217607
2026-07-28,22.75,82.35,0.0
2026-07-28,17.55,82.45,1.9035523
2026-07-28,17.65,82.45,0.0
2026-07-28,17.75,82.45,2.1864955
2026-07-28,17.85,82.45,1.7694701
2026-07-28,17.95,82.45,1.1246643
2026-07-28,18.05,82.45,0.5608673
2026-07-28,18.15,82.45,0.33955398
2026-07-28,18.25,82.45,0.2363371
2026-07-28,18.35,82.45,0.0
2026-07-28,18.45,82.45,0.0
2026-07-28,18.55,82.45,0.0
2026-07-28,18.65,82.45,0.0
2026-07-28,18.75,82.45,0.0
2026-07-28,18.85,82.45,0.0
2026-07-28,18.95,82.45,0.0
2026-07-28,19.05,82.45,0.0
2026-07-28,19.15,82.45,0.45520493
2026-07-28,19.25,82.45,0.86929965
2026-07-28,19.35,82.45,0.8610348
2026-07-28,19.45,82.45,0.9672293
2026-07-28,19.55,82.45,0.0
2026-07-28,19.65,82.45,0.0
2026-07-28,19.75,82.45,0.0
2026-07-28,19.85,82.45,0.0
2026-07-28,19.95,82.45,0.0
2026-07-28,20.05,82.45,0.0
2026-07-28,20.15,82.45,0.0
2026-07-28,20.25,82.45,0.0
2026-07-28,20.35,82.45,0.0
2026-07-28,20.45,82.45,0.0
2026-07-28,20.55,82.45,0.0
2026-07-28,20.65,82.45,0.0
2026-07-28,20.75,82.45,0.0
2026-07-28,20.85,82.45,0.0
2026-07-28,20.95,82.45,0.0
2026-07-28,21.05,82.45,0.0
2026-07-28,21.15,82.45,0.0
2026-07-28,21.25,82.45,0.0
2026-07-28,21.35,82.45,0.0
2026-07-28,21.45,82.45,0.0
2026-07-28,21.55,82.45,0.0
2026-07-28,21.65,82.45,0.0
2026-07-28,21.75,82.45,0.0
2026-07-28,21.85,82.45,0.0
2026-07-28,21.95,82.45,0.0
2026-07-28,22.05,82.45,0.0
2026-07-28,22.15,82.45,0.0
2026-07-28,22.25,82.45,0.0
2026-07-28,22.35,82.45,0.0
2026-07-28,22.45,82.45,0.0
2026-07-28,22.55,82.45,0.21510278
2026-07-28,22.65,82.45,0.24744765
2026-07-28,22.75,82.45,0.0
2026-07-28,17.55,82.55,1.9160595
2026-07-28,17.65,82.55,1.674117
2026-07-28,17.75,82.55,3.0742986
2026-07-28,17.85,82.55,2.0498974
2026-07-28,17.95,82.55,0.83641404
2026-07-28,18.05,82.55,0.59200704
2026-07-28,18.15,82.55,0.36313057
2026-07-28,18.25,82.55,0.24115409
2026-07-28,18.35,82.55,0.0
2026-07-28,18.45,82.55,0.0
2026-07-28,18.55,82.55,0.0
2026-07-28,18.65,82.55,0.0
2026-07-28,18.75,82.55,0.0
2026-07-28,18.85,82.55,0.0
2026-07-28,18.95,82.55,0.0
2026-07-28,19.05,82.55,0.0
2026-07-28,19.15,82.55,0.0
2026-07-28,19.25,82.55,0.0
2026-07-28,19.35,82.55,0.0
2026-07-28,19.45,82.55,0.0
2026-07-28,19.55,82.55,0.0
2026-07-28,19.65,82.55,0.0
2026-07-28,19.75,82.55,0.0
2026-07-28,19.85,82.55,0.0
2026-07-28,19.95,82.55,0.0
2026-07-28,20.05,82.55,0.0
2026-07-28,20.15,82.55,0.0
2026-07-28,20.25,82.55,0.0
2026-07-28,20.35,82.55,0.0
2026-07-28,20.45,82.55,0.0
2026-07-28,20.55,82.55,0.0
2026-07-28,20.65,82.55,0.0
2026-07-28,20.75,82.55,0.0
2026-07-28,20.85,82.55,0.0
2026-07-28,20.95,82.55,0.0
2026-07-28,21.05,82.55,0.0
2026-07-28,21.15,82.55,0.0
2026-07-28,21.25,82.55,0.0
2026-07-28,21.35,82.55,0.0
2026-07-28,21.45,82.55,0.0
2026-07-28,21.55,82.55,0.0
2026-07-28,21.65,82.55,0.0
2026-07-28,21.75,82.55,0.0
2026-07-28,21.85,82.55,0.0
2026-07-28,21.95,82.55,0.0
2026-07-28,22.05,82.55,0.0
2026-07-28,22.15,82.55,0.0
2026-07-28,22.25,82.55,0.0
2026-07-28,22.35,82.55,0.0
2026-07-28,22.45,82.55,0.0
2026-07-28,22.55,82.55,0.0
2026-07-28,22.65,82.55,0.0
2026-07-28,22.75,82.55,0.0
2026-07-28,17.55,82.65,2.0002446
2026-07-28,17.65,82.65,2.1261613
2026-07-28,17.75,82.65,2.7962096
2026-07-28,17.85,82.65,1.6110843
2026-07-28,17.95,82.65,0.63526845
2026-07-28,18.05,82.65,0.65139425
2026-07-28,18.15,82.65,0.36525023
2026-07-28,18.25,82.65,0.24748167
2026-07-28,18.35,82.65,0.0
2026-07-28,18.45,82.65,0.0
2026-07-28,18.55,82.65,0.0
2026-07-28,18.65,82.65,0.0
2026-07-28,18.75,82.65,0.0
2026-07-28,18.85,82.65,0.0
2026-07-28,18.95,82.65,0.0
2026-07-28,19.05,82.65,0.0
2026-07-28,19.15,82.65,0.0
2026-07-28,19.25,82.65,0.0
2026-07-28,19.35,82.65,0.0
2026-07-28,19.45,82.65,0.0
2026-07-28,19.55,82.65,0.0
2026-07-28,19.65,82.65,0.0
2026-07-28,19.75,82.65,0.0
2026-07-28,19.85,82.65,0.0
2026-07-28,19.95,82.65,0.0
2026-07-28,20.05,82.65,0.0
2026-07-28,20.15,82.65,0.0
2026-07-28,20.25,82.65,0.0
2026-07-28,20.35,82.65,0.0
2026-07-28,20.45,82.65,0.0
2026-07-28,20.55,82.65,0.0
2026-07-28,20.65,82.65,0.0
2026-07-28,20.75,82.65,0.0
2026-07-28,20.85,82.65,0.0
2026-07-28,20.95,82.65,0.0
2026-07-28,21.05,82.65,0.0
2026-07-28,21.15,82.65,0.0
2026-07-28,21.25,82.65,0.0
2026-07-28,21.35,82.65,0.0
2026-07-28,21.45,82.65,0.0
2026-07-28,21.55,82.65,0.0
2026-07-28,21.65,82.65,0.0
2026-07-28,21.75,82.65,0.0
2026-07-28,21.85,82.65,0.0
2026-07-28,21.95,82.65,0.0
2026-07-28,22.05,82.65,0.0
2026-07-28,22.15,82.65,0.0
2026-07-28,22.25,82.65,0.0
2026-07-28,22.35,82.65,0.0
2026-07-28,22.45,82.65,0.0
2026-07-28,22.55,82.65,0.0
2026-07-28,22.65,82.65,0.0
2026-07-28,22.75,82.65,0.0
2026-07-28,17.55,82.75,1.8700954
2026-07-28,17.65,82.75,2.0105982
2026-07-28,17.75,82.75,1.6248425
2026-07-28,17.85,82.75,1.1528696
2026-07-28,17.95,82.75,0.726428
2026-07-28,18.05,82.75,0.6097984
2026-07-28,18.15,82.75,0.36994764
2026-07-28,18.25,82.75,0.2509696
2026-07-28,18.35,82.75,0.0
2026-07-28,18.45,82.75,0.0
2026-07-28,18.55,82.75,0.0
2026-07-28,18.65,82.75,0.0
2026-07-28,18.75,82.75,0.0
2026-07-28,18.85,82.75,0.0
2026-07-28,18.95,82.75,0.0
2026-07-28,19.05,82.75,0.0
2026-07-28,19.15,82.75,0.0
2026-07-28,19.25,82.75,0.0
2026-07-28,19.35,82.75,0.0
2026-07-28,19.45,82.75,0.0
2026-07-28,19.55,82.75,0.0
2026-07-28,19.65,82.75,0.0
2026-07-28,19.75,82.75,0.0
2026-07-28,19.85,82.75,0.0
2026-07-28,19.95,82.75,0.0
2026-07-28,20.05,82.75,0.0
2026-07-28,20.15,82.75,0.0
2026-07-28,20.25,82.75,0.0
2026-07-28,20.35,82.75,0.0
2026-07-28,20.45,82.75,0.0
2026-07-28,20.55,82.75,0.0
2026-07-28,20.65,82.75,0.0
2026-07-28,20.75,82.75,0.0
2026-07-28,20.85,82.75,0.0
2026-07-28,20.95,82.75,0.0
2026-07-28,21.05,82.75,0.0
2026-07-28,21.15,82.75,0.0
2026-07-28,21.25,82.75,0.0
2026-07-28,21.35,82.75,0.0
2026-07-28,21.45,82.75,0.0
2026-07-28,21.55,82.75,0.0
2026-07-28,21.65,82.75,0.0
2026-07-28,21.75,82.75,0.0
2026-07-28,21.85,82.75,0.0
2026-07-28,21.95,82.75,0.0
2026-07-28,22.05,82.75,0.0
2026-07-28,22.15,82.75,0.0
2026-07-28,22.25,82.75,0.0
2026-07-28,22.35,82.75,0.0
2026-07-28,22.45,82.75,0.0
2026-07-28,22.55,82.75,0.0
2026-07-28,22.65,82.75,0.0
2026-07-28,22.75,82.75,0.0
2026-07-28,17.55,82.85,1.846269
2026-07-28,17.65,82.85,1.4885607
2026-07-28,17.75,82.85,0.8532935
2026-07-28,17.85,82.85,0.6601546
2026-07-28,17.95,82.85,0.5320892
2026-07-28,18.05,82.85,0.42452872
2026-07-28,18.15,82.85,0.0
2026-07-28,18.25,82.85,0.0
2026-07-28,18.35,82.85,0.0
2026-07-28,18.45,82.85,0.0
2026-07-28,18.55,82.85,0.0
2026-07-28,18.65,82.85,0.0
2026-07-28,18.75,82.85,0.0
2026-07-28,18.85,82.85,0.0
2026-07-28,18.95,82.85,0.0
2026-07-28,19.05,82.85,0.0
2026-07-28,19.15,82.85,0.0
2026-07-28,19.25,82.85,0.0
2026-07-28,19.35,82.85,0.0
2026-07-28,19.45,82.85,0.0
2026-07-28,19.55,82.85,0.0
2026-07-28,19.65,82.85,0.0
2026-07-28,19.75,82.85,0.0
2026-07-28,19.85,82.85,0.0
2026-07-28,19.95,82.85,0.0
2026-07-28,20.05,82.85,0.0
2026-07-28,20.15,82.85,0.0
2026-07-28,20.25,82.85,0.0
2026-07-28,20.35,82.85,0.0
2026-07-28,20.45,82.85,0.0
2026-07-28,20.55,82.85,0.31366873
2026-07-28,20.65,82.85,0.44880784
2026-07-28,20.75,82.85,0.5370914
2026-07-28,20.85,82.85,0.43973848
2026-07-28,20.95,82.85,0.0
2026-07-28,21.05,82.85,0.0
2026-07-28,21.15,82.85,0.0
2026-07-28,21.25,82.85,0.0
2026-07-28,21.35,82.85,0.0
2026-07-28,21.45,82.85,0.0
2026-07-28,21.55,82.85,0.0
2026-07-28,21.65,82.85,0.0
2026-07-28,21.75,82.85,0.0
2026-07-28,21.85,82.85,0.0
2026-07-28,21.95,82.85,0.0
2026-07-28,22.05,82.85,0.0
2026-07-28,22.15,82.85,0.0
2026-07-28,22.25,82.85,0.0
2026-07-28,22.35,82.85,0.0
2026-07-28,22.45,82.85,0.0
2026-07-28,22.55,82.85,0.0
2026-07-28,22.65,82.85,0.0
2026-07-28,22.75,82.85,0.3021466
2026-07-28,17.55,82.95,1.8724177
2026-07-28,17.65,82.95,1.2231228
2026-07-28,17.75,82.95,0.6239753
2026-07-28,17.85,82.95,0.5315999
2026-07-28,17.95,82.95,0.0
2026-07-28,18.05,82.95,0.0
2026-07-28,18.15,82.95,0.0
2026-07-28,18.25,82.95,0.0
2026-07-28,18.35,82.95,0.0
2026-07-28,18.45,82.95,0.0
2026-07-28,18.55,82.95,0.0
2026-07-28,18.65,82.95,0.0
2026-07-28,18.75,82.95,0.0
2026-07-28,18.85,82.95,0.0
2026-07-28,18.95,82.95,0.0
2026-07-28,19.05,82.95,0.0
2026-07-28,19.15,82.95,0.0
2026-07-28,19.25,82.95,0.0
2026-07-28,19.35,82.95,0.0
2026-07-28,19.45,82.95,0.0
2026-07-28,19.55,82.95,0.4556777
2026-07-28,19.65,82.95,0.0
2026-07-28,19.75,82.95,0.0
2026-07-28,19.85,82.95,0.0
2026-07-28,19.95,82.95,0.0
2026-07-28,20.05,82.95,0.0
2026-07-28,20.15,82.95,0.0
2026-07-28,20.25,82.95,0.0
2026-07-28,20.35,82.95,0.0
2026-07-28,20.45,82.95,0.0
2026-07-28,20.55,82.95,0.5404066
2026-07-28,20.65,82.95,0.52635527
2026-07-28,20.75,82.95,0.5274059
2026-07-28,20.85,82.95,0.4555364
2026-07-28,20.95,82.95,0.0
2026-07-28,21.05,82.95,0.0
2026-07-28,21.15,82.95,0.0
2026-07-28,21.25,82.95,0.0
2026-07-28,21.35,82.95,1.151721
2026-07-28,21.45,82.95,0.0
2026-07-28,21.55,82.95,0.0
2026-07-28,21.65,82.95,0.0
2026-07-28,21.75,82.95,0.0
2026-07-28,21.85,82.95,0.0
2026-07-28,21.95,82.95,0.0
2026-07-28,22.05,82.95,0.0
2026-07-28,22.15,82.95,0.0
2026-07-28,22.25,82.95,0.0
2026-07-28,22.35,82.95,0.0
2026-07-28,22.45,82.95,0.0
2026-07-28,22.55,82.95,0.0
2026-07-28,22.65,82.95,0.40392584
2026-07-28,22.75,82.95,0.42468697
2026-07-28,17.55,83.05,1.6253506
2026-07-28,17.65,83.05,0.87661237
2026-07-28,17.75,83.05,0.0
2026-07-28,17.85,83.05,0.0
2026-07-28,17.95,83.05,0.0
2026-07-28,18.05,83.05,0.0
2026-07-28,18.15,83.05,0.0
2026-07-28,18.25,83.05,0.0
2026-07-28,18.35,83.05,0.0
2026-07-28,18.45,83.05,0.0
2026-07-28,18.55,83.05,0.0
2026-07-28,18.65,83.05,0.0
2026-07-28,18.75,83.05,0.0
2026-07-28,18.85,83.05,0.0
2026-07-28,18.95,83.05,0.0
2026-07-28,19.05,83.05,0.0
2026-07-28,19.15,83.05,0.20550396
2026-07-28,19.25,83.05,0.36650085
2026-07-28,19.35,83.05,0.648456
2026-07-28,19.45,83.05,0.47570503
2026-07-28,19.55,83.05,0.5081844
2026-07-28,19.65,83.05,0.0
2026-07-28,19.75,83.05,0.0
2026-07-28,19.85,83.05,0.0
2026-07-28,19.95,83.05,0.0
2026-07-28,20.05,83.05,0.0
2026-07-28,20.15,83.05,0.0
2026-07-28,20.25,83.05,0.0
2026-07-28,20.35,83.05,0.0
2026-07-28,20.45,83.05,0.0
2026-07-28,20.55,83.05,0.6720718
2026-07-28,20.65,83.05,0.58425444
2026-07-28,20.75,83.05,0.45474306
2026-07-28,20.85,83.05,0.0
2026-07-28,20.95,83.05,0.7341242
2026-07-28,21.05,83.05,0.59436214
2026-07-28,21.15,83.05,0.0
2026-07-28,21.25,83.05,1.0972414
2026-07-28,21.35,83.05,1.1214844
2026-07-28,21.45,83.05,1.1503958
2026-07-28,21.55,83.05,0.0
2026-07-28,21.65,83.05,0.0
2026-07-28,21.75,83.05,0.0
2026-07-28,21.85,83.05,0.0
2026-07-28,21.95,83.05,0.0
2026-07-28,22.05,83.05,0.0
2026-07-28,22.15,83.05,0.0
2026-07-28,22.25,83.05,0.0
2026-07-28,22.35,83.05,0.0
2026-07-28,22.45,83.05,0.0
2026-07-28,22.55,83.05,0.27047974
2026-07-28,22.65,83.05,0.40253207
2026-07-28,22.75,83.05,0.3548731
2026-07-28,17.55,83.15,0.0
2026-07-28,17.65,83.15,0.0
2026-07-28,17.75,83.15,0.0
2026-07-28,17.85,83.15,0.0
2026-07-28,17.95,83.15,0.0
2026-07-28,18.05,83.15,0.0
2026-07-28,18.15,83.15,0.0
2026-07-28,18.25,83.15,0.0
2026-07-28,18.35,83.15,0.0
2026-07-28,18.45,83.15,0.0
2026-07-28,18.55,83.15,0.0
2026-07-28,18.65,83.15,0.0
2026-07-28,18.75,83.15,0.0
2026-07-28,18.85,83.15,0.0
2026-07-28,18.95,83.15,0.0
2026-07-28,19.05,83.15,0.0
2026-07-28,19.15,83.15,0.19260386
2026-07-28,19.25,83.15,0.2376192
2026-07-28,19.35,83.15,0.65126264
2026-07-28,19.45,83.15,0.46532792
2026-07-28,19.55,83.15,0.0
2026-07-28,19.65,83.15,0.0
2026-07-28,19.75,83.15,0.0
2026-07-28,19.85,83.15,0.0
2026-07-28,19.95,83.15,0.0
2026-07-28,20.05,83.15,0.0
2026-07-28,20.15,83.15,0.0
2026-07-28,20.25,83.15,0.5595007
2026-07-28,20.35,83.15,0.69984037
2026-07-28,20.45,83.15,0.8978939
2026-07-28,20.55,83.15,0.81484103
2026-07-28,20.65,83.15,0.58213985
2026-07-28,20.75,83.15,0.4948851
2026-07-28,20.85,83.15,0.7690059
2026-07-28,20.95,83.15,0.92051345
2026-07-28,21.05,83.15,1.0692363
2026-07-28,21.15,83.15,0.8525853
2026-07-28,21.25,83.15,0.6396113
2026-07-28,21.35,83.15,0.8867183
2026-07-28,21.45,83.15,1.7139162
2026-07-28,21.55,83.15,0.0
2026-07-28,21.65,83.15,0.0
2026-07-28,21.75,83.15,0.0
2026-07-28,21.85,83.15,0.0
2026-07-28,21.95,83.15,0.0
2026-07-28,22.05,83.15,0.0
2026-07-28,22.15,83.15,0.0
2026-07-28,22.25,83.15,0.0
2026-07-28,22.35,83.15,0.0
2026-07-28,22.45,83.15,0.0
2026-07-28,22.55,83.15,0.26695445
2026-07-28,22.65,83.15,0.30240873
2026-07-28,22.75,83.15,0.39181873
2026-07-28,17.55,83.25,0.0
2026-07-28,17.65,83.25,0.0
2026-07-28,17.75,83.25,0.0
2026-07-28,17.85,83.25,0.0
2026-07-28,17.95,83.25,0.0
2026-07-28,18.05,83.25,0.0
2026-07-28,18.15,83.25,0.0
2026-07-28,18.25,83.25,0.0
2026-07-28,18.35,83.25,0.0
2026-07-28,18.45,83.25,0.0
2026-07-28,18.55,83.25,0.0
2026-07-28,18.65,83.25,0.0
2026-07-28,18.75,83.25,0.0
2026-07-28,18.85,83.25,0.0
2026-07-28,18.95,83.25,0.0
2026-07-28,19.05,83.25,0.0
2026-07-28,19.15,83.25,0.26152712
2026-07-28,19.25,83.25,0.19574963
2026-07-28,19.35,83.25,0.44333932
2026-07-28,19.45,83.25,0.41391233
2026-07-28,19.55,83.25,0.0
2026-07-28,19.65,83.25,0.0
2026-07-28,19.75,83.25,0.0
2026-07-28,19.85,83.25,0.0
2026-07-28,19.95,83.25,0.0
2026-07-28,20.05,83.25,0.0
2026-07-28,20.15,83.25,0.0
2026-07-28,20.25,83.25,0.57301915
2026-07-28,20.35,83.25,0.73402625
2026-07-28,20.45,83.25,0.93390507
2026-07-28,20.55,83.25,0.9247556
2026-07-28,20.65,83.25,0.63811064
2026-07-28,20.75,83.25,0.93305284
2026-07-28,20.85,83.25,1.1936463
2026-07-28,20.95,83.25,1.1251895
2026-07-28,21.05,83.25,1.0110533
2026-07-28,21.15,83.25,1.2880216
2026-07-28,21.25,83.25,1.0902569
2026-07-28,21.35,83.25,1.5168489
2026-07-28,21.45,83.25,1.864649
2026-07-28,21.55,83.25,0.0
2026-07-28,21.65,83.25,0.0
2026-07-28,21.75,83.25,0.0
2026-07-28,21.85,83.25,0.0
2026-07-28,21.95,83.25,0.0
2026-07-28,22.05,83.25,0.0
2026-07-28,22.15,83.25,0.0
2026-07-28,22.25,83.25,0.0
2026-07-28,22.35,83.25,0.0
2026-07-28,22.45,83.25,0.0
2026-07-28,22.55,83.25,0.19397727
2026-07-28,22.65,83.25,0.2235755
2026-07-28,22.75,83.25,0.36537936
2026-07-28,17.55,83.35,0.0
2026-07-28,17.65,83.35,0.0
2026-07-28,17.75,83.35,0.0
2026-07-28,17.85,83.35,0.0
2026-07-28,17.95,83.35,0.0
2026-07-28,18.05,83.35,0.0
2026-07-28,18.15,83.35,0.0
2026-07-28,18.25,83.35,0.0
2026-07-28,18.35,83.35,0.0
2026-07-28,18.45,83.35,0.0
2026-07-28,18.55,83.35,0.0
2026-07-28,18.65,83.35,0.0
2026-07-28,18.75,83.35,0.0
2026-07-28,18.85,83.35,0.0
2026-07-28,18.95,83.35,0.0
2026-07-28,19.05,83.35,0.0
2026-07-28,19.15,83.35,0.31177843
2026-07-28,19.25,83.35,0.29178125
2026-07-28,19.35,83.35,0.51780885
2026-07-28,19.45,83.35,0.51869106
2026-07-28,19.55,83.35,0.0
2026-07-28,19.65,83.35,0.0
2026-07-28,19.75,83.35,0.0
2026-07-28,19.85,83.35,0.0
2026-07-28,19.95,83.35,0.0
2026-07-28,20.05,83.35,0.0
2026-07-28,20.15,83.35,0.0
2026-07-28,20.25,83.35,0.0
2026-07-28,20.35,83.35,0.8242555
2026-07-28,20.45,83.35,0.97166044
2026-07-28,20.55,83.35,1.1815019
2026-07-28,20.65,83.35,1.0315392
2026-07-28,20.75,83.35,1.2947878
2026-07-28,20.85,83.35,1.5203474
2026-07-28,20.95,83.35,1.549491
2026-07-28,21.05,83.35,1.7631357
2026-07-28,21.15,83.35,2.3345876
2026-07-28,21.25,83.35,2.4793253
2026-07-28,21.35,83.35,2.1145558
2026-07-28,21.45,83.35,2.0599258
2026-07-28,21.55,83.35,2.3718789
2026-07-28,21.65,83.35,2.1687317
2026-07-28,21.75,83.35,1.9828687
2026-07-28,21.85,83.35,1.8303084
2026-07-28,21.95,83.35,0.0
2026-07-28,22.05,83.35,0.0
2026-07-28,22.15,83.35,0.0
2026-07-28,22.25,83.35,0.0
2026-07-28,22.35,83.35,0.0
2026-07-28,22.45,83.35,0.0
2026-07-28,22.55,83.35,0.10542469
2026-07-28,22.65,83.35,0.16448948
2026-07-28,22.75,83.35,0.38854212
2026-07-28,17.55,83.45,0.57170504
2026-07-28,17.65,83.45,0.24246646
2026-07-28,17.75,83.45,0.12274208
2026-07-28,17.85,83.45,0.11591219
2026-07-28,17.95,83.45,0.05070004
2026-07-28,18.05,83.45,0.047585696
2026-07-28,18.15,83.45,0.0
2026-07-28,18.25,83.45,0.0
2026-07-28,18.35,83.45,0.0
2026-07-28,18.45,83.45,0.0
2026-07-28,18.55,83.45,0.0
2026-07-28,18.65,83.45,0.0
2026-07-28,18.75,83.45,0.0
2026-07-28,18.85,83.45,0.0
2026-07-28,18.95,83.45,0.0
2026-07-28,19.05,83.45,0.25974613
2026-07-28,19.15,83.45,0.34323323
2026-07-28,19.25,83.45,0.33188966
2026-07-28,19.35,83.45,0.7592687
2026-07-28,19.45,83.45,0.6441641
2026-07-28,19.55,83.45,0.0
2026-07-28,19.65,83.45,0.0
2026-07-28,19.75,83.45,0.0
2026-07-28,19.85,83.45,0.0
2026-07-28,19.95,83.45,0.0
2026-07-28,20.05,83.45,0.0
2026-07-28,20.15,83.45,0.0
2026-07-28,20.25,83.45,0.0
2026-07-28,20.35,83.45,0.0
2026-07-28,20.45,83.45,1.3616248
2026-07-28,20.55,83.45,1.5538336
2026-07-28,20.65,83.45,1.2457867
2026-07-28,20.75,83.45,1.3220898
2026-07-28,20.85,83.45,2.2644885
2026-07-28,20.95,83.45,2.3946323
2026-07-28,21.05,83.45,2.9487462
2026-07-28,21.15,83.45,2.906008
2026-07-28,21.25,83.45,2.3724658
2026-07-28,21.35,83.45,2.014009
2026-07-28,21.45,83.45,2.6977286
2026-07-28,21.55,83.45,2.9994743
2026-07-28,21.65,83.45,3.3191752
2026-07-28,21.75,83.45,2.5972688
2026-07-28,21.85,83.45,2.0621562
2026-07-28,21.95,83.45,0.0
2026-07-28,22.05,83.45,0.0
2026-07-28,22.15,83.45,0.0
2026-07-28,22.25,83.45,0.0
2026-07-28,22.35,83.45,0.0
2026-07-28,22.45,83.45,0.0
2026-07-28,22.55,83.45,0.098868415
2026-07-28,22.65,83.45,0.0
2026-07-28,22.75,83.45,0.0
2026-07-28,17.55,83.55,1.3047634
2026-07-28,17.65,83.55,0.23664695
2026-07-28,17.75,83.55,0.11800696
2026-07-28,17.85,83.55,0.11001939
2026-07-28,17.95,83.55,0.06066927
2026-07-28,18.05,83.55,0.052459452
2026-07-28,18.15,83.55,0.0
2026-07-28,18.25,83.55,0.0
2026-07-28,18.35,83.55,0.0
2026-07-28,18.45,83.55,0.0
2026-07-28,18.55,83.55,0.0
2026-07-28,18.65,83.55,0.0
2026-07-28,18.75,83.55,0.0
2026-07-28,18.85,83.55,0.0
2026-07-28,18.95,83.55,0.0
2026-07-28,19.05,83.55,0.0
2026-07-28,19.15,83.55,0.43071422
2026-07-28,19.25,83.55,0.26630622
2026-07-28,19.35,83.55,0.5099731
2026-07-28,19.45,83.55,0.40164873
2026-07-28,19.55,83.55,0.0
2026-07-28,19.65,83.55,0.0
2026-07-28,19.75,83.55,0.0
2026-07-28,19.85,83.55,0.0
2026-07-28,19.95,83.55,0.0
2026-07-28,20.05,83.55,0.0
2026-07-28,20.15,83.55,0.0
2026-07-28,20.25,83.55,1.0121143
2026-07-28,20.35,83.55,1.706286
2026-07-28,20.45,83.55,1.9181086
2026-07-28,20.55,83.55,1.77479
2026-07-28,20.65,83.55,1.120891
2026-07-28,20.75,83.55,1.6178017
2026-07-28,20.85,83.55,2.9290876
2026-07-28,20.95,83.55,3.0918021
2026-07-28,21.05,83.55,3.4666214
2026-07-28,21.15,83.55,3.4811785
2026-07-28,21.25,83.55,3.024468
2026-07-28,21.35,83.55,2.560773
2026-07-28,21.45,83.55,3.5496943
2026-07-28,21.55,83.55,4.273902
2026-07-28,21.65,83.55,4.1761184
2026-07-28,21.75,83.55,3.4816403
2026-07-28,21.85,83.55,2.3788638
2026-07-28,21.95,83.55,0.0
2026-07-28,22.05,83.55,0.0
2026-07-28,22.15,83.55,0.0
2026-07-28,22.25,83.55,0.0
2026-07-28,22.35,83.55,0.0
2026-07-28,22.45,83.55,0.0
2026-07-28,22.55,83.55,0.0
2026-07-28,22.65,83.55,0.0
2026-07-28,22.75,83.55,0.0
2026-07-28,17.55,83.65,1.0101697
2026-07-28,17.65,83.65,0.75175726
2026-07-28,17.75,83.65,0.12711763
2026-07-28,17.85,83.65,0.097782664
2026-07-28,17.95,83.65,0.09628645
2026-07-28,18.05,83.65,0.0430616
2026-07-28,18.15,83.65,0.032760162
2026-07-28,18.25,83.65,0.0
2026-07-28,18.35,83.65,0.0
2026-07-28,18.45,83.65,0.0
2026-07-28,18.55,83.65,0.0
2026-07-28,18.65,83.65,0.0
2026-07-28,18.75,83.65,0.0
2026-07-28,18.85,83.65,0.0
2026-07-28,18.95,83.65,0.0
2026-07-28,19.05,83.65,0.0
2026-07-28,19.15,83.65,0.23541674
2026-07-28,19.25,83.65,0.28195375
2026-07-28,19.35,83.65,0.30547455
2026-07-28,19.45,83.65,0.0
2026-07-28,19.55,83.65,0.0
2026-07-28,19.65,83.65,0.0
2026-07-28,19.75,83.65,0.0
2026-07-28,19.85,83.65,0.0
2026-07-28,19.95,83.65,0.0
2026-07-28,20.05,83.65,0.0
2026-07-28,20.15,83.65,0.91617155
2026-07-28,20.25,83.65,1.4315077
2026-07-28,20.35,83.65,2.3200095
2026-07-28,20.45,83.65,2.6268399
2026-07-28,20.55,83.65,2.180581
2026-07-28,20.65,83.65,1.4541315
2026-07-28,20.75,83.65,2.9202242
2026-07-28,20.85,83.65,3.6027703
2026-07-28,20.95,83.65,3.505418
2026-07-28,21.05,83.65,3.8665655
2026-07-28,21.15,83.65,3.8535504
2026-07-28,21.25,83.65,3.9573386
2026-07-28,21.35,83.65,4.0413003
2026-07-28,21.45,83.65,4.391928
2026-07-28,21.55,83.65,4.409404
2026-07-28,21.65,83.65,4.1799517
2026-07-28,21.75,83.65,3.2952814
2026-07-28,21.85,83.65,2.1840477
2026-07-28,21.95,83.65,1.9145831
2026-07-28,22.05,83.65,0.0
2026-07-28,22.15,83.65,0.0
2026-07-28,22.25,83.65,0.0
2026-07-28,22.35,83.65,0.0
2026-07-28,22.45,83.65,0.0
2026-07-28,22.55,83.65,0.0
2026-07-28,22.65,83.65,0.0
2026-07-28,22.75,83.65,0.0
2026-07-28,17.55,83.75,1.4170187
2026-07-28,17.65,83.75,1.2397053
2026-07-28,17.75,83.75,0.5124809
2026-07-28,17.85,83.75,0.38005286
2026-07-28,17.95,83.75,0.11767581
2026-07-28,18.05,83.75,0.043110114
2026-07-28,18.15,83.75,0.076712556
2026-07-28,18.25,83.75,0.0
2026-07-28,18.35,83.75,0.0
2026-07-28,18.45,83.75,0.0
2026-07-28,18.55,83.75,0.0
2026-07-28,18.65,83.75,0.0
2026-07-28,18.75,83.75,0.0
2026-07-28,18.85,83.75,0.0
2026-07-28,18.95,83.75,0.0
2026-07-28,19.05,83.75,0.0
2026-07-28,19.15,83.75,0.2247501
2026-07-28,19.25,83.75,0.27214578
2026-07-28,19.35,83.75,0.30178478
2026-07-28,19.45,83.75,0.0
2026-07-28,19.55,83.75,0.0
2026-07-28,19.65,83.75,0.0
2026-07-28,19.75,83.75,0.0
2026-07-28,19.85,83.75,0.0
2026-07-28,19.95,83.75,0.0
2026-07-28,20.05,83.75,0.0
2026-07-28,20.15,83.75,1.5316044
2026-07-28,20.25,83.75,2.497561
2026-07-28,20.35,83.75,3.6571658
2026-07-28,20.45,83.75,3.2431512
2026-07-28,20.55,83.75,2.7740145
2026-07-28,20.65,83.75,2.3139968
2026-07-28,20.75,83.75,3.864273
2026-07-28,20.85,83.75,3.8408172
2026-07-28,20.95,83.75,3.8175688
2026-07-28,21.05,83.75,4.5539145
2026-07-28,21.15,83.75,4.5257435
2026-07-28,21.25,83.75,4.061412
2026-07-28,21.35,83.75,4.3328457
2026-07-28,21.45,83.75,4.7120414
2026-07-28,21.55,83.75,3.4599
2026-07-28,21.65,83.75,3.1016014
2026-07-28,21.75,83.75,3.2629313
2026-07-28,21.85,83.75,2.2642336
2026-07-28,21.95,83.75,0.0
2026-07-28,22.05,83.75,0.0
2026-07-28,22.15,83.75,0.0
2026-07-28,22.25,83.75,0.0
2026-07-28,22.35,83.75,0.0
2026-07-28,22.45,83.75,0.0
2026-07-28,22.55,83.75,0.0
2026-07-28,22.65,83.75,0.0
2026-07-28,22.75,83.75,0.0
2026-07-28,17.55,83.85,1.3848586
2026-07-28,17.65,83.85,1.9675655
2026-07-28,17.75,83.85,0.82748693
2026-07-28,17.85,83.85,0.49220476
2026-07-28,17.95,83.85,0.33326295
2026-07-28,18.05,83.85,0.0
2026-07-28,18.15,83.85,0.0
2026-07-28,18.25,83.85,0.0
2026-07-28,18.35,83.85,0.0
2026-07-28,18.45,83.85,0.0
2026-07-28,18.55,83.85,0.0
2026-07-28,18.65,83.85,0.0
2026-07-28,18.75,83.85,0.0
2026-07-28,18.85,83.85,0.0
2026-07-28,18.95,83.85,0.0
2026-07-28,19.05,83.85,0.0
2026-07-28,19.15,83.85,0.1558841
2026-07-28,19.25,83.85,0.23598826
2026-07-28,19.35,83.85,0.0
2026-07-28,19.45,83.85,0.0
2026-07-28,19.55,83.85,0.0
2026-07-28,19.65,83.85,0.0
2026-07-28,19.75,83.85,0.0
2026-07-28,19.85,83.85,0.0
2026-07-28,19.95,83.85,1.2315613
2026-07-28,20.05,83.85,1.4949229
2026-07-28,20.15,83.85,2.0492115
2026-07-28,20.25,83.85,3.0851235
2026-07-28,20.35,83.85,4.09093
2026-07-28,20.45,83.85,4.125147
2026-07-28,20.55,83.85,3.6263833
2026-07-28,20.65,83.85,3.3371716
2026-07-28,20.75,83.85,4.120121
2026-07-28,20.85,83.85,3.8870316
2026-07-28,20.95,83.85,4.3314047
2026-07-28,21.05,83.85,5.0221868
2026-07-28,21.15,83.85,4.8638735
2026-07-28,21.25,83.85,4.06236
2026-07-28,21.35,83.85,4.0294666
2026-07-28,21.45,83.85,4.5728216
2026-07-28,21.55,83.85,3.1939108
2026-07-28,21.65,83.85,2.9552004
2026-07-28,21.75,83.85,2.5489616
2026-07-28,21.85,83.85,0.0
2026-07-28,21.95,83.85,0.0
2026-07-28,22.05,83.85,1.2098439
2026-07-28,22.15,83.85,1.0159324
2026-07-28,22.25,83.85,0.8425252
2026-07-28,22.35,83.85,0.0
2026-07-28,22.45,83.85,0.0
2026-07-28,22.55,83.85,0.0
2026-07-28,22.65,83.85,0.0
2026-07-28,22.75,83.85,0.0
2026-07-28,17.55,83.95,1.0068262
2026-07-28,17.65,83.95,1.2725339
2026-07-28,17.75,83.95,1.3543779
2026-07-28,17.85,83.95,1.1496359
2026-07-28,17.95,83.95,0.48464417
2026-07-28,18.05,83.95,0.0
2026-07-28,18.15,83.95,0.0
2026-07-28,18.25,83.95,0.0
2026-07-28,18.35,83.95,0.0
2026-07-28,18.45,83.95,0.0
2026-07-28,18.55,83.95,0.0
2026-07-28,18.65,83.95,0.0
2026-07-28,18.75,83.95,0.0
2026-07-28,18.85,83.95,0.0
2026-07-28,18.95,83.95,0.0
2026-07-28,19.05,83.95,0.0
2026-07-28,19.15,83.95,0.0
2026-07-28,19.25,83.95,0.0
2026-07-28,19.35,83.95,0.0
2026-07-28,19.45,83.95,0.0
2026-07-28,19.55,83.95,0.0
2026-07-28,19.65,83.95,0.0
2026-07-28,19.75,83.95,0.0
2026-07-28,19.85,83.95,0.0
2026-07-28,19.95,83.95,1.21432
2026-07-28,20.05,83.95,1.5561911
2026-07-28,20.15,83.95,2.20933
2026-07-28,20.25,83.95,3.3755262
2026-07-28,20.35,83.95,3.967226
2026-07-28,20.45,83.95,4.479884
2026-07-28,20.55,83.95,4.2322116
2026-07-28,20.65,83.95,4.2644334
2026-07-28,20.75,83.95,4.3976583
2026-07-28,20.85,83.95,3.6987035
2026-07-28,20.95,83.95,3.6321392
2026-07-28,21.05,83.95,4.127848
2026-07-28,21.15,83.95,4.531507
2026-07-28,21.25,83.95,5.463136
2026-07-28,21.35,83.95,5.4545307
2026-07-28,21.45,83.95,4.2408276
2026-07-28,21.55,83.95,2.3323467
2026-07-28,21.65,83.95,2.2251797
2026-07-28,21.75,83.95,2.031329
2026-07-28,21.85,83.95,0.0
2026-07-28,21.95,83.95,1.3987434
2026-07-28,22.05,83.95,1.2700691
2026-07-28,22.15,83.95,1.0194883
2026-07-28,22.25,83.95,1.2759414
2026-07-28,22.35,83.95,0.69591165
2026-07-28,22.45,83.95,0.0
2026-07-28,22.55,83.95,0.0
2026-07-28,22.65,83.95,0.0
2026-07-28,22.75,83.95,0.0
2026-07-28,17.55,84.05,0.7714019
2026-07-28,17.65,84.05,0.7477964
2026-07-28,17.75,84.05,1.0652418
2026-07-28,17.85,84.05,1.0346824
2026-07-28,17.95,84.05,0.7030623
2026-07-28,18.05,84.05,0.2586055
2026-07-28,18.15,84.05,0.0
2026-07-28,18.25,84.05,0.0
2026-07-28,18.35,84.05,0.0
2026-07-28,18.45,84.05,0.0
2026-07-28,18.55,84.05,0.0
2026-07-28,18.65,84.05,0.0
2026-07-28,18.75,84.05,0.0
2026-07-28,18.85,84.05,0.0
2026-07-28,18.95,84.05,0.0
2026-07-28,19.05,84.05,0.0
2026-07-28,19.15,84.05,0.0
2026-07-28,19.25,84.05,0.0
2026-07-28,19.35,84.05,0.0
2026-07-28,19.45,84.05,0.0
2026-07-28,19.55,84.05,0.0
2026-07-28,19.65,84.05,0.0
2026-07-28,19.75,84.05,1.3744748
2026-07-28,19.85,84.05,1.6811872
2026-07-28,19.95,84.05,1.458624
2026-07-28,20.05,84.05,1.735731
2026-07-28,20.15,84.05,2.2289734
2026-07-28,20.25,84.05,3.4572947
2026-07-28,20.35,84.05,4.204934
2026-07-28,20.45,84.05,4.2913337
2026-07-28,20.55,84.05,3.8813436
2026-07-28,20.65,84.05,4.1672926
2026-07-28,20.75,84.05,4.3970017
2026-07-28,20.85,84.05,4.2200656
2026-07-28,20.95,84.05,3.9986475
2026-07-28,21.05,84.05,3.7352746
2026-07-28,21.15,84.05,4.4161267
2026-07-28,21.25,84.05,5.471908
2026-07-28,21.35,84.05,5.126515
2026-07-28,21.45,84.05,4.4791274
2026-07-28,21.55,84.05,2.6785445
2026-07-28,21.65,84.05,1.7421592
2026-07-28,21.75,84.05,1.308497
2026-07-28,21.85,84.05,1.294859
2026-07-28,21.95,84.05,0.59378344
2026-07-28,22.05,84.05,1.1303464
2026-07-28,22.15,84.05,1.4330322
2026-07-28,22.25,84.05,0.7771695
2026-07-28,22.35,84.05,0.76982915
2026-07-28,22.45,84.05,0.5387523
2026-07-28,22.55,84.05,0.35387373
2026-07-28,22.65,84.05,0.39142773
2026-07-28,22.75,84.05,0.0
2026-07-28,17.55,84.15,0.69017917
2026-07-28,17.65,84.15,0.6220379
2026-07-28,17.75,84.15,0.58752924
2026-07-28,17.85,84.15,0.7071405
2026-07-28,17.95,84.15,0.71357226
2026-07-28,18.05,84.15,0.0
2026-07-28,18.15,84.15,0.0
2026-07-28,18.25,84.15,0.0
2026-07-28,18.35,84.15,0.0
2026-07-28,18.45,84.15,0.0
2026-07-28,18.55,84.15,0.0
2026-07-28,18.65,84.15,0.0
2026-07-28,18.75,84.15,0.0
2026-07-28,18.85,84.15,0.0
2026-07-28,18.95,84.15,0.0
2026-07-28,19.05,84.15,0.0
2026-07-28,19.15,84.15,0.0
2026-07-28,19.25,84.15,0.0
2026-07-28,19.35,84.15,0.0
2026-07-28,19.45,84.15,0.0
2026-07-28,19.55,84.15,0.0
2026-07-28,19.65,84.15,0.8133956
2026-07-28,19.75,84.15,1.4975388
2026-07-28,19.85,84.15,1.7595558
2026-07-28,19.95,84.15,1.9548844
2026-07-28,20.05,84.15,1.8769429
2026-07-28,20.15,84.15,2.19427
2026-07-28,20.25,84.15,3.4503827
2026-07-28,20.35,84.15,3.822662
2026-07-28,20.45,84.15,3.857232
2026-07-28,20.55,84.15,3.8729577
2026-07-28,20.65,84.15,4.008021
2026-07-28,20.75,84.15,4.160266
2026-07-28,20.85,84.15,4.8020086
2026-07-28,20.95,84.15,5.015534
2026-07-28,21.05,84.15,4.4819613
2026-07-28,21.15,84.15,4.482597
2026-07-28,21.25,84.15,4.6229734
2026-07-28,21.35,84.15,4.496984
2026-07-28,21.45,84.15,3.1989388
2026-07-28,21.55,84.15,2.810042
2026-07-28,21.65,84.15,0.9085749
2026-07-28,21.75,84.15,0.57310283
2026-07-28,21.85,84.15,0.5090375
2026-07-28,21.95,84.15,0.33510196
2026-07-28,22.05,84.15,0.6404163
2026-07-28,22.15,84.15,1.3284919
2026-07-28,22.25,84.15,1.0630466
2026-07-28,22.35,84.15,0.76701504
2026-07-28,22.45,84.15,1.006089
2026-07-28,22.55,84.15,1.6911516
2026-07-28,22.65,84.15,1.6817397
2026-07-28,22.75,84.15,0.9427615
2026-07-28,17.55,84.25,0.37891746
2026-07-28,17.65,84.25,0.40008017
2026-07-28,17.75,84.25,0.341769
2026-07-28,17.85,84.25,0.21049766
2026-07-28,17.95,84.25,0.2471947
2026-07-28,18.05,84.25,0.0
2026-07-28,18.15,84.25,0.0
2026-07-28,18.25,84.25,0.0
2026-07-28,18.35,84.25,0.0
2026-07-28,18.45,84.25,0.0
2026-07-28,18.55,84.25,0.0
2026-07-28,18.65,84.25,0.0
2026-07-28,18.75,84.25,0.0
2026-07-28,18.85,84.25,0.0
2026-07-28,18.95,84.25,0.0
2026-07-28,19.05,84.25,0.0
2026-07-28,19.15,84.25,0.0
2026-07-28,19.25,84.25,0.0
2026-07-28,19.35,84.25,0.0
2026-07-28,19.45,84.25,0.0
2026-07-28,19.55,84.25,0.0
2026-07-28,19.65,84.25,0.57845825
2026-07-28,19.75,84.25,1.7064396
2026-07-28,19.85,84.25,1.792161
2026-07-28,19.95,84.25,1.8708822
2026-07-28,20.05,84.25,2.1139593
2026-07-28,20.15,84.25,2.3972645
2026-07-28,20.25,84.25,3.6712008
2026-07-28,20.35,84.25,3.8554873
2026-07-28,20.45,84.25,4.0886016
2026-07-28,20.55,84.25,3.9283204
2026-07-28,20.65,84.25,3.9979348
2026-07-28,20.75,84.25,4.2796073
2026-07-28,20.85,84.25,4.7946935
2026-07-28,20.95,84.25,5.0157886
2026-07-28,21.05,84.25,5.0079756
2026-07-28,21.15,84.25,4.5644946
2026-07-28,21.25,84.25,3.9496799
2026-07-28,21.35,84.25,3.2458286
2026-07-28,21.45,84.25,2.7435977
2026-07-28,21.55,84.25,3.2004063
2026-07-28,21.65,84.25,1.5784689
2026-07-28,21.75,84.25,0.8813212
2026-07-28,21.85,84.25,0.5362045
2026-07-28,21.95,84.25,0.3369288
2026-07-28,22.05,84.25,0.47377434
2026-07-28,22.15,84.25,0.77985734
2026-07-28,22.25,84.25,0.85072833
2026-07-28,22.35,84.25,0.9068785
2026-07-28,22.45,84.25,2.712905
2026-07-28,22.55,84.25,3.67502
2026-07-28,22.65,84.25,3.0475903
2026-07-28,22.75,84.25,2.028927
2026-07-28,17.55,84.35,0.28507194
2026-07-28,17.65,84.35,0.39548331
2026-07-28,17.75,84.35,0.37318566
2026-07-28,17.85,84.35,0.44310594
2026-07-28,17.95,84.35,0.0
2026-07-28,18.05,84.35,0.0
2026-07-28,18.15,84.35,0.0
2026-07-28,18.25,84.35,0.0
2026-07-28,18.35,84.35,0.0
2026-07-28,18.45,84.35,0.0
2026-07-28,18.55,84.35,0.0
2026-07-28,18.65,84.35,0.0
2026-07-28,18.75,84.35,0.0
2026-07-28,18.85,84.35,0.0
2026-07-28,18.95,84.35,0.0
2026-07-28,19.05,84.35,0.0
2026-07-28,19.15,84.35,0.0
2026-07-28,19.25,84.35,0.0
2026-07-28,19.35,84.35,0.0
2026-07-28,19.45,84.35,0.0
2026-07-28,19.55,84.35,0.0
2026-07-28,19.65,84.35,1.3644881
2026-07-28,19.75,84.35,1.735662
2026-07-28,19.85,84.35,1.8514421
2026-07-28,19.95,84.35,1.8333632
2026-07-28,20.05,84.35,2.1051838
2026-07-28,20.15,84.35,2.7821598
2026-07-28,20.25,84.35,3.5157104
2026-07-28,20.35,84.35,3.9134705
2026-07-28,20.45,84.35,4.0382957
2026-07-28,20.55,84.35,3.9573345
2026-07-28,20.65,84.35,4.3066187
2026-07-28,20.75,84.35,4.6607122
2026-07-28,20.85,84.35,5.0282207
2026-07-28,20.95,84.35,5.0988054
2026-07-28,21.05,84.35,4.812155
2026-07-28,21.15,84.35,4.4162173
2026-07-28,21.25,84.35,3.7061992
2026-07-28,21.35,84.35,3.2320426
2026-07-28,21.45,84.35,2.2780654
2026-07-28,21.55,84.35,2.1494725
2026-07-28,21.65,84.35,2.0308075
2026-07-28,21.75,84.35,1.4063022
2026-07-28,21.85,84.35,0.5858007
2026-07-28,21.95,84.35,0.37674752
2026-07-28,22.05,84.35,0.38474476
2026-07-28,22.15,84.35,0.36870012
2026-07-28,22.25,84.35,0.45539543
2026-07-28,22.35,84.35,1.4147439
2026-07-28,22.45,84.35,3.9704988
2026-07-28,22.55,84.35,4.3585153
2026-07-28,22.65,84.35,2.964735
2026-07-28,22.75,84.35,0.0
2026-07-28,17.55,84.45,0.23369224
2026-07-28,17.65,84.45,0.35936943
2026-07-28,17.75,84.45,0.45056334
2026-07-28,17.85,84.45,0.4472455
2026-07-28,17.95,84.45,0.0
2026-07-28,18.05,84.45,0.0
2026-07-28,18.15,84.45,0.0
2026-07-28,18.25,84.45,0.0
2026-07-28,18.35,84.45,0.0
2026-07-28,18.45,84.45,0.0
2026-07-28,18.55,84.45,0.0
2026-07-28,18.65,84.45,0.0
2026-07-28,18.75,84.45,0.0
2026-07-28,18.85,84.45,0.0
2026-07-28,18.95,84.45,0.0
2026-07-28,19.05,84.45,0.0
2026-07-28,19.15,84.45,0.0
2026-07-28,19.25,84.45,0.0
2026-07-28,19.35,84.45,0.0
2026-07-28,19.45,84.45,0.0
2026-07-28,19.55,84.45,0.0
2026-07-28,19.65,84.45,1.2397398
2026-07-28,19.75,84.45,1.6548083
2026-07-28,19.85,84.45,1.9197447
2026-07-28,19.95,84.45,2.1131132
2026-07-28,20.05,84.45,2.470798
2026-07-28,20.15,84.45,3.1191463
2026-07-28,20.25,84.45,3.052442
2026-07-28,20.35,84.45,3.3811607
2026-07-28,20.45,84.45,3.6004894
2026-07-28,20.55,84.45,3.6808195
2026-07-28,20.65,84.45,3.7961318
2026-07-28,20.75,84.45,4.156032
2026-07-28,20.85,84.45,4.4683886
2026-07-28,20.95,84.45,4.4187403
2026-07-28,21.05,84.45,4.3014755
2026-07-28,21.15,84.45,3.769218
2026-07-28,21.25,84.45,3.6498454
2026-07-28,21.35,84.45,3.44754
2026-07-28,21.45,84.45,2.9355412
2026-07-28,21.55,84.45,2.2904196
2026-07-28,21.65,84.45,2.1926944
2026-07-28,21.75,84.45,1.9874382
2026-07-28,21.85,84.45,1.0865966
2026-07-28,21.95,84.45,0.34730402
2026-07-28,22.05,84.45,0.2306361
2026-07-28,22.15,84.45,0.35234728
2026-07-28,22.25,84.45,0.5531814
2026-07-28,22.35,84.45,1.4297376
2026-07-28,22.45,84.45,4.6412544
2026-07-28,22.55,84.45,3.897665
2026-07-28,22.65,84.45,2.5387912
2026-07-28,22.75,84.45,0.0
2026-07-28,17.55,84.55,0.25019163
2026-07-28,17.65,84.55,0.36095306
2026-07-28,17.75,84.55,0.44682705
2026-07-28,17.85,84.55,0.470835
2026-07-28,17.95,84.55,0.0
2026-07-28,18.05,84.55,0.0
2026-07-28,18.15,84.55,0.0
2026-07-28,18.25,84.55,0.0
2026-07-28,18.35,84.55,0.0
2026-07-28,18.45,84.55,0.0
2026-07-28,18.55,84.55,0.35591397
2026-07-28,18.65,84.55,0.0
2026-07-28,18.75,84.55,0.0
2026-07-28,18.85,84.55,0.0
2026-07-28,18.95,84.55,0.0
2026-07-28,19.05,84.55,0.0
2026-07-28,19.15,84.55,0.0
2026-07-28,19.25,84.55,0.0
2026-07-28,19.35,84.55,0.0
2026-07-28,19.45,84.55,0.0
2026-07-28,19.55,84.55,0.0
2026-07-28,19.65,84.55,1.0399653
2026-07-28,19.75,84.55,1.5179851
2026-07-28,19.85,84.55,1.8632262
2026-07-28,19.95,84.55,2.602102
2026-07-28,20.05,84.55,3.0562048
2026-07-28,20.15,84.55,3.5405416
2026-07-28,20.25,84.55,3.6824257
2026-07-28,20.35,84.55,3.1312478
2026-07-28,20.45,84.55,2.9206116
2026-07-28,20.55,84.55,3.1866097
2026-07-28,20.65,84.55,3.5480976
2026-07-28,20.75,84.55,3.6876497
2026-07-28,20.85,84.55,3.875475
2026-07-28,20.95,84.55,3.705061
2026-07-28,21.05,84.55,3.2478712
2026-07-28,21.15,84.55,2.972884
2026-07-28,21.25,84.55,2.9392834
2026-07-28,21.35,84.55,2.7807028
2026-07-28,21.45,84.55,2.8514342
2026-07-28,21.55,84.55,2.3270884
2026-07-28,21.65,84.55,1.7042191
2026-07-28,21.75,84.55,1.6443678
2026-07-28,21.85,84.55,1.6963308
2026-07-28,21.95,84.55,0.7088951
2026-07-28,22.05,84.55,0.22219267
2026-07-28,22.15,84.55,0.36627203
2026-07-28,22.25,84.55,1.4006349
2026-07-28,22.35,84.55,1.6976582
2026-07-28,22.45,84.55,4.081873
2026-07-28,22.55,84.55,4.2708163
2026-07-28,22.65,84.55,2.9585748
2026-07-28,22.75,84.55,2.2984638
2026-07-28,17.55,84.65,0.32846135
2026-07-28,17.65,84.65,0.38451433
2026-07-28,17.75,84.65,0.4435145
2026-07-28,17.85,84.65,0.46471992
2026-07-28,17.95,84.65,0.0
2026-07-28,18.05,84.65,0.0
2026-07-28,18.15,84.65,0.0
2026-07-28,18.25,84.65,0.0
2026-07-28,18.35,84.65,0.0
2026-07-28,18.45,84.65,0.0
2026-07-28,18.55,84.65,0.3468802
2026-07-28,18.65,84.65,0.0
2026-07-28,18.75,84.65,0.0
2026-07-28,18.85,84.65,0.0
2026-07-28,18.95,84.65,0.0
2026-07-28,19.05,84.65,0.0
2026-07-28,19.15,84.65,0.0
2026-07-28,19.25,84.65,0.0
2026-07-28,19.35,84.65,0.0
2026-07-28,19.45,84.65,0.68822193
2026-07-28,19.55,84.65,0.74270415
2026-07-28,19.65,84.65,1.3512305
2026-07-28,19.75,84.65,1.370202
2026-07-28,19.85,84.65,0.70592
2026-07-28,19.95,84.65,2.4892666
2026-07-28,20.05,84.65,3.0653865
2026-07-28,20.15,84.65,3.4178252
2026-07-28,20.25,84.65,3.434397
2026-07-28,20.35,84.65,3.267612
2026-07-28,20.45,84.65,2.5923734
2026-07-28,20.55,84.65,2.8923237
2026-07-28,20.65,84.65,3.3657808
2026-07-28,20.75,84.65,3.2360566
2026-07-28,20.85,84.65,3.1187654
2026-07-28,20.95,84.65,2.7599485
2026-07-28,21.05,84.65,2.6540592
2026-07-28,21.15,84.65,2.71291
2026-07-28,21.25,84.65,1.3616365
2026-07-28,21.35,84.65,2.5522785
2026-07-28,21.45,84.65,2.299041
2026-07-28,21.55,84.65,2.0917222
2026-07-28,21.65,84.65,1.7944193
2026-07-28,21.75,84.65,1.6845218
2026-07-28,21.85,84.65,1.6987681
2026-07-28,21.95,84.65,1.2327484
2026-07-28,22.05,84.65,0.33812246
2026-07-28,22.15,84.65,0.3424274
2026-07-28,22.25,84.65,1.2607187
2026-07-28,22.35,84.65,1.6891965
2026-07-28,22.45,84.65,2.4766912
2026-07-28,22.55,84.65,3.6677966
2026-07-28,22.65,84.65,3.3696444
2026-07-28,22.75,84.65,2.4111755
2026-07-28,17.55,84.75,0.3322047
2026-07-28,17.65,84.75,0.50333947
2026-07-28,17.75,84.75,0.46964818
2026-07-28,17.85,84.75,0.0
2026-07-28,17.95,84.75,0.0
2026-07-28,18.05,84.75,0.0
2026-07-28,18.15,84.75,0.0
2026-07-28,18.25,84.75,0.0
2026-07-28,18.35,84.75,0.31780127
2026-07-28,18.45,84.75,0.2986928
2026-07-28,18.55,84.75,0.33020133
2026-07-28,18.65,84.75,0.6014243
2026-07-28,18.75,84.75,0.0
2026-07-28,18.85,84.75,0.0
2026-07-28,18.95,84.75,0.0
2026-07-28,19.05,84.75,0.0
2026-07-28,19.15,84.75,1.0513995
2026-07-28,19.25,84.75,1.0037154
2026-07-28,19.35,84.75,0.94322145
2026-07-28,19.45,84.75,1.0773429
2026-07-28,19.55,84.75,1.0149479
2026-07-28,19.65,84.75,1.5871696
2026-07-28,19.75,84.75,1.4708076
2026-07-28,19.85,84.75,2.2469556
2026-07-28,19.95,84.75,4.0196505
2026-07-28,20.05,84.75,3.3264697
2026-07-28,20.15,84.75,3.4696488
2026-07-28,20.25,84.75,3.254347
2026-07-28,20.35,84.75,3.142887
2026-07-28,20.45,84.75,2.9442902
2026-07-28,20.55,84.75,2.7827432
2026-07-28,20.65,84.75,2.898935
2026-07-28,20.75,84.75,3.2584655
2026-07-28,20.85,84.75,3.0093398
2026-07-28,20.95,84.75,2.5772517
2026-07-28,21.05,84.75,1.5962709
2026-07-28,21.15,84.75,1.5580938
2026-07-28,21.25,84.75,1.2813015
2026-07-28,21.35,84.75,2.5822845
2026-07-28,21.45,84.75,1.9980639
2026-07-28,21.55,84.75,1.5620817
2026-07-28,21.65,84.75,1.7215849
2026-07-28,21.75,84.75,1.3589346
2026-07-28,21.85,84.75,1.6313713
2026-07-28,21.95,84.75,1.3538432
2026-07-28,22.05,84.75,0.61667854
2026-07-28,22.15,84.75,0.5066502
2026-07-28,22.25,84.75,0.31148902
2026-07-28,22.35,84.75,0.5730156
2026-07-28,22.45,84.75,0.816879
2026-07-28,22.55,84.75,1.0521343
2026-07-28,22.65,84.75,2.9387627
2026-07-28,22.75,84.75,2.2485106
2026-07-28,17.55,84.85,0.344846
2026-07-28,17.65,84.85,0.42785424
2026-07-28,17.75,84.85,0.48504314
2026-07-28,17.85,84.85,0.0
2026-07-28,17.95,84.85,0.0
2026-07-28,18.05,84.85,0.0
2026-07-28,18.15,84.85,0.0
2026-07-28,18.25,84.85,0.0
2026-07-28,18.35,84.85,0.3811601
2026-07-28,18.45,84.85,0.36411113
2026-07-28,18.55,84.85,0.0
2026-07-28,18.65,84.85,0.0
2026-07-28,18.75,84.85,0.0
2026-07-28,18.85,84.85,1.0843079
2026-07-28,18.95,84.85,1.1642715
2026-07-28,19.05,84.85,0.0
2026-07-28,19.15,84.85,1.1109124
2026-07-28,19.25,84.85,1.0884473
2026-07-28,19.35,84.85,1.1552737
2026-07-28,19.45,84.85,1.2573252
2026-07-28,19.55,84.85,2.570245
2026-07-28,19.65,84.85,2.131805
2026-07-28,19.75,84.85,1.5688136
2026-07-28,19.85,84.85,1.8903421
2026-07-28,19.95,84.85,4.1971545
2026-07-28,20.05,84.85,4.646822
2026-07-28,20.15,84.85,5.022801
2026-07-28,20.25,84.85,4.7296023
2026-07-28,20.35,84.85,5.0724225
2026-07-28,20.45,84.85,3.1818721
2026-07-28,20.55,84.85,2.6171596
2026-07-28,20.65,84.85,3.034302
2026-07-28,20.75,84.85,3.4704027
2026-07-28,20.85,84.85,3.7085645
2026-07-28,20.95,84.85,3.0780559
2026-07-28,21.05,84.85,1.6043609
2026-07-28,21.15,84.85,1.4477661
2026-07-28,21.25,84.85,1.4917369
2026-07-28,21.35,84.85,1.5826037
2026-07-28,21.45,84.85,2.2864492
2026-07-28,21.55,84.85,1.0641623
2026-07-28,21.65,84.85,0.92978597
2026-07-28,21.75,84.85,0.83956766
2026-07-28,21.85,84.85,1.1548187
2026-07-28,21.95,84.85,1.0236465
2026-07-28,22.05,84.85,0.5101713
2026-07-28,22.15,84.85,0.7006505
2026-07-28,22.25,84.85,0.5067142
2026-07-28,22.35,84.85,0.30368227
2026-07-28,22.45,84.85,0.2866758
2026-07-28,22.55,84.85,0.24845967
2026-07-28,22.65,84.85,0.51694256
2026-07-28,22.75,84.85,0.73063016
2026-07-28,17.55,84.95,0.36513376
2026-07-28,17.65,84.95,0.46485093
2026-07-28,17.75,84.95,0.49678162
2026-07-28,17.85,84.95,0.0
2026-07-28,17.95,84.95,0.0
2026-07-28,18.05,84.95,0.0
2026-07-28,18.15,84.95,0.0
2026-07-28,18.25,84.95,0.0
2026-07-28,18.35,84.95,0.40857908
2026-07-28,18.45,84.95,0.0
2026-07-28,18.55,84.95,0.0
2026-07-28,18.65,84.95,0.0
2026-07-28,18.75,84.95,0.68568397
2026-07-28,18.85,84.95,0.993051
2026-07-28,18.95,84.95,1.097915
2026-07-28,19.05,84.95,0.0
2026-07-28,19.15,84.95,0.0
2026-07-28,19.25,84.95,1.1105409
2026-07-28,19.35,84.95,1.2912365
2026-07-28,19.45,84.95,1.3913612
2026-07-28,19.55,84.95,1.3436435
2026-07-28,19.65,84.95,2.5038505
2026-07-28,19.75,84.95,2.160842
2026-07-28,19.85,84.95,2.1186864
2026-07-28,19.95,84.95,3.4753425
2026-07-28,20.05,84.95,4.550128
2026-07-28,20.15,84.95,5.572191
2026-07-28,20.25,84.95,5.284884
2026-07-28,20.35,84.95,5.222424
2026-07-28,20.45,84.95,4.6843023
2026-07-28,20.55,84.95,5.090952
2026-07-28,20.65,84.95,4.4739246
2026-07-28,20.75,84.95,3.1865067
2026-07-28,20.85,84.95,3.8388345
2026-07-28,20.95,84.95,3.346538
2026-07-28,21.05,84.95,1.8595232
2026-07-28,21.15,84.95,1.8966751
2026-07-28,21.25,84.95,2.3846664
2026-07-28,21.35,84.95,2.081637
2026-07-28,21.45,84.95,1.4448832
2026-07-28,21.55,84.95,0.85771966
2026-07-28,21.65,84.95,0.40838665
2026-07-28,21.75,84.95,0.14932086
2026-07-28,21.85,84.95,0.16588138
2026-07-28,21.95,84.95,0.13221277
2026-07-28,22.05,84.95,0.10124123
2026-07-28,22.15,84.95,0.1553918
2026-07-28,22.25,84.95,0.17805284
2026-07-28,22.35,84.95,0.09878706
2026-07-28,22.45,84.95,0.0
2026-07-28,22.55,84.95,0.12518801
2026-07-28,22.65,84.95,0.20455687
2026-07-28,22.75,84.95,0.07561242
2026-07-28,17.55,85.05,0.40684634
2026-07-28,17.65,85.05,0.48547703
2026-07-28,17.75,85.05,0.5349006
2026-07-28,17.85,85.05,0.0
2026-07-28,17.95,85.05,0.0
2026-07-28,18.05,85.05,0.0
2026-07-28,18.15,85.05,0.0
2026-07-28,18.25,85.05,0.0
2026-07-28,18.35,85.05,0.44560283
2026-07-28,18.45,85.05,0.0
2026-07-28,18.55,85.05,0.0
2026-07-28,18.65,85.05,0.0
2026-07-28,18.75,85.05,0.6363379
2026-07-28,18.85,85.05,0.9305855
2026-07-28,18.95,85.05,1.0450166
2026-07-28,19.05,85.05,0.0
2026-07-28,19.15,85.05,0.0
2026-07-28,19.25,85.05,1.1085386
2026-07-28,19.35,85.05,1.2901293
2026-07-28,19.45,85.05,1.3791727
2026-07-28,19.55,85.05,2.7214904
2026-07-28,19.65,85.05,2.6455123
2026-07-28,19.75,85.05,2.5041606
2026-07-28,19.85,85.05,2.5246623
2026-07-28,19.95,85.05,3.171097
2026-07-28,20.05,85.05,4.387402
2026-07-28,20.15,85.05,6.530189
2026-07-28,20.25,85.05,5.6982355
2026-07-28,20.35,85.05,4.800163
2026-07-28,20.45,85.05,4.3422174
2026-07-28,20.55,85.05,4.522717
2026-07-28,20.65,85.05,4.048811
2026-07-28,20.75,85.05,4.042716
2026-07-28,20.85,85.05,5.8120685
2026-07-28,20.95,85.05,5.358745
2026-07-28,21.05,85.05,1.4518744
2026-07-28,21.15,85.05,2.140846
2026-07-28,21.25,85.05,2.6682258
2026-07-28,21.35,85.05,2.3709102
2026-07-28,21.45,85.05,1.7767318
2026-07-28,21.55,85.05,0.82515824
2026-07-28,21.65,85.05,0.30287418
2026-07-28,21.75,85.05,0.36360735
2026-07-28,21.85,85.05,0.17955595
2026-07-28,21.95,85.05,0.10583433
2026-07-28,22.05,85.05,0.10558309
2026-07-28,22.15,85.05,0.104966715
2026-07-28,22.25,85.05,0.2202874
2026-07-28,22.35,85.05,0.080736995
2026-07-28,22.45,85.05,0.0
2026-07-28,22.55,85.05,0.06926057
2026-07-28,22.65,85.05,0.057184137
2026-07-28,22.75,85.05,0.04189896
2026-07-28,17.55,85.15,0.49545965
2026-07-28,17.65,85.15,0.5104933
2026-07-28,17.75,85.15,0.0
2026-07-28,17.85,85.15,0.0
2026-07-28,17.95,85.15,0.0
2026-07-28,18.05,85.15,0.0
2026-07-28,18.15,85.15,0.0
2026-07-28,18.25,85.15,0.3330134
2026-07-28,18.35,85.15,0.4726204
2026-07-28,18.45,85.15,0.0
2026-07-28,18.55,85.15,0.0
2026-07-28,18.65,85.15,0.62945694
2026-07-28,18.75,85.15,0.6566957
2026-07-28,18.85,85.15,0.82924205
2026-07-28,18.95,85.15,0.0
2026-07-28,19.05,85.15,0.0
2026-07-28,19.15,85.15,0.0
2026-07-28,19.25,85.15,1.1106951
2026-07-28,19.35,85.15,1.2634917
2026-07-28,19.45,85.15,1.2554003
2026-07-28,19.55,85.15,2.5232613
2026-07-28,19.65,85.15,2.312349
2026-07-28,19.75,85.15,1.3989599
2026-07-28,19.85,85.15,3.014515
2026-07-28,19.95,85.15,3.199731
2026-07-28,20.05,85.15,4.057829
2026-07-28,20.15,85.15,5.3071356
2026-07-28,20.25,85.15,4.7689714
2026-07-28,20.35,85.15,4.492553
2026-07-28,20.45,85.15,4.3141923
2026-07-28,20.55,85.15,4.855586
2026-07-28,20.65,85.15,4.932529
2026-07-28,20.75,85.15,4.541693
2026-07-28,20.85,85.15,4.5467877
2026-07-28,20.95,85.15,3.8335218
2026-07-28,21.05,85.15,2.5571496
2026-07-28,21.15,85.15,5.1161904
2026-07-28,21.25,85.15,5.9540644
2026-07-28,21.35,85.15,2.3685787
2026-07-28,21.45,85.15,2.3787148
2026-07-28,21.55,85.15,1.6686006
2026-07-28,21.65,85.15,1.1396205
2026-07-28,21.75,85.15,1.151589
2026-07-28,21.85,85.15,0.44107223
2026-07-28,21.95,85.15,0.24625027
2026-07-28,22.05,85.15,0.13140519
2026-07-28,22.15,85.15,0.08803518
2026-07-28,22.25,85.15,0.31425276
2026-07-28,22.35,85.15,0.12852356
2026-07-28,22.45,85.15,0.0
2026-07-28,22.55,85.15,0.072395794
2026-07-28,22.65,85.15,0.09642842
2026-07-28,22.75,85.15,0.06784357
2026-07-28,17.55,85.25,0.7875501
2026-07-28,17.65,85.25,0.4800679
2026-07-28,17.75,85.25,0.0
2026-07-28,17.85,85.25,0.0
2026-07-28,17.95,85.25,0.0
2026-07-28,18.05,85.25,0.0
2026-07-28,18.15,85.25,0.0
2026-07-28,18.25,85.25,0.33620214
2026-07-28,18.35,85.25,0.46643704
2026-07-28,18.45,85.25,0.0
2026-07-28,18.55,85.25,0.0
2026-07-28,18.65,85.25,0.6753685
2026-07-28,18.75,85.25,0.75403935
2026-07-28,18.85,85.25,0.7794569
2026-07-28,18.95,85.25,0.0
2026-07-28,19.05,85.25,0.0
2026-07-28,19.15,85.25,0.0
2026-07-28,19.25,85.25,1.188217
2026-07-28,19.35,85.25,1.266034
2026-07-28,19.45,85.25,1.2629673
2026-07-28,19.55,85.25,2.4479616
2026-07-28,19.65,85.25,2.094132
2026-07-28,19.75,85.25,1.2130167
2026-07-28,19.85,85.25,2.6799128
2026-07-28,19.95,85.25,3.3256516
2026-07-28,20.05,85.25,4.480744
2026-07-28,20.15,85.25,4.857758
2026-07-28,20.25,85.25,4.3073616
2026-07-28,20.35,85.25,4.1270022
2026-07-28,20.45,85.25,5.8765025
2026-07-28,20.55,85.25,6.317978
2026-07-28,20.65,85.25,6.232141
2026-07-28,20.75,85.25,4.618885
2026-07-28,20.85,85.25,3.0977225
2026-07-28,20.95,85.25,5.274591
2026-07-28,21.05,85.25,7.373008
2026-07-28,21.15,85.25,8.426535
2026-07-28,21.25,85.25,8.621135
2026-07-28,21.35,85.25,8.117742
2026-07-28,21.45,85.25,7.797766
2026-07-28,21.55,85.25,6.198347
2026-07-28,21.65,85.25,5.136138
2026-07-28,21.75,85.25,1.5369358
2026-07-28,21.85,85.25,0.71526504
2026-07-28,21.95,85.25,0.88608795
2026-07-28,22.05,85.25,0.22043513
2026-07-28,22.15,85.25,0.13345449
2026-07-28,22.25,85.25,0.25617772
2026-07-28,22.35,85.25,0.46939605
2026-07-28,22.45,85.25,0.0
2026-07-28,22.55,85.25,0.057923503
2026-07-28,22.65,85.25,0.17582977
2026-07-28,22.75,85.25,0.11145701
2026-07-28,17.55,85.35,1.4966433
2026-07-28,17.65,85.35,0.88131547
2026-07-28,17.75,85.35,0.44973966
2026-07-28,17.85,85.35,0.0
2026-07-28,17.95,85.35,0.0
2026-07-28,18.05,85.35,0.3877373
2026-07-28,18.15,85.35,0.31770113
2026-07-28,18.25,85.35,0.35023043
2026-07-28,18.35,85.35,0.39405963
2026-07-28,18.45,85.35,0.56912893
2026-07-28,18.55,85.35,0.59831125
2026-07-28,18.65,85.35,0.6676304
2026-07-28,18.75,85.35,0.0
2026-07-28,18.85,85.35,0.0
2026-07-28,18.95,85.35,0.0
2026-07-28,19.05,85.35,0.0
2026-07-28,19.15,85.35,0.0
2026-07-28,19.25,85.35,1.2179242
2026-07-28,19.35,85.35,2.4495752
2026-07-28,19.45,85.35,1.3070956
2026-07-28,19.55,85.35,2.3499289
2026-07-28,19.65,85.35,2.0933578
2026-07-28,19.75,85.35,2.2355592
2026-07-28,19.85,85.35,2.472687
2026-07-28,19.95,85.35,3.2438612
2026-07-28,20.05,85.35,4.5561976
2026-07-28,20.15,85.35,4.645988
2026-07-28,20.25,85.35,4.467508
2026-07-28,20.35,85.35,4.7703075
2026-07-28,20.45,85.35,6.4598517
2026-07-28,20.55,85.35,7.351206
2026-07-28,20.65,85.35,7.9816113
2026-07-28,20.75,85.35,7.703388
2026-07-28,20.85,85.35,7.004993
2026-07-28,20.95,85.35,7.4039536
2026-07-28,21.05,85.35,9.145778
2026-07-28,21.15,85.35,9.451043
2026-07-28,21.25,85.35,9.876096
2026-07-28,21.35,85.35,9.73981
2026-07-28,21.45,85.35,6.8935604
2026-07-28,21.55,85.35,6.7883296
2026-07-28,21.65,85.35,6.1596885
2026-07-28,21.75,85.35,4.7289605
2026-07-28,21.85,85.35,2.993031
2026-07-28,21.95,85.35,0.8539204
2026-07-28,22.05,85.35,0.5126649
2026-07-28,22.15,85.35,0.2714258
2026-07-28,22.25,85.35,0.3737926
2026-07-28,22.35,85.35,0.5030707
2026-07-28,22.45,85.35,0.1952422
2026-07-28,22.55,85.35,0.1104334
2026-07-28,22.65,85.35,0.1424552
2026-07-28,22.75,85.35,0.14660786
2026-07-28,17.55,85.45,1.451948
2026-07-28,17.65,85.45,1.0800846
2026-07-28,17.75,85.45,0.50851876
2026-07-28,17.85,85.45,0.0
2026-07-28,17.95,85.45,0.19998929
2026-07-28,18.05,85.45,0.3171786
2026-07-28,18.15,85.45,0.29896683
2026-07-28,18.25,85.45,0.31713018
2026-07-28,18.35,85.45,0.36016148
2026-07-28,18.45,85.45,0.47717234
2026-07-28,18.55,85.45,0.0
2026-07-28,18.65,85.45,0.0
2026-07-28,18.75,85.45,0.0
2026-07-28,18.85,85.45,0.0
2026-07-28,18.95,85.45,0.0
2026-07-28,19.05,85.45,0.0
2026-07-28,19.15,85.45,0.0
2026-07-28,19.25,85.45,1.1750259
2026-07-28,19.35,85.45,2.474764
2026-07-28,19.45,85.45,2.5582085
2026-07-28,19.55,85.45,2.4248543
2026-07-28,19.65,85.45,2.1385772
2026-07-28,19.75,85.45,1.9554225
2026-07-28,19.85,85.45,2.351251
2026-07-28,19.95,85.45,3.4304032
2026-07-28,20.05,85.45,4.5023727
2026-07-28,20.15,85.45,4.357949
2026-07-28,20.25,85.45,4.616001
2026-07-28,20.35,85.45,5.1311626
2026-07-28,20.45,85.45,6.613632
2026-07-28,20.55,85.45,7.601692
2026-07-28,20.65,85.45,8.8214245
2026-07-28,20.75,85.45,9.213823
2026-07-28,20.85,85.45,8.244851
2026-07-28,20.95,85.45,9.2896
2026-07-28,21.05,85.45,9.867692
2026-07-28,21.15,85.45,9.470423
2026-07-28,21.25,85.45,9.562737
2026-07-28,21.35,85.45,9.711106
2026-07-28,21.45,85.45,7.078224
2026-07-28,21.55,85.45,7.0480404
2026-07-28,21.65,85.45,6.7550387
2026-07-28,21.75,85.45,7.225795
2026-07-28,21.85,85.45,3.7982752
2026-07-28,21.95,85.45,2.5132937
2026-07-28,22.05,85.45,1.3292693
2026-07-28,22.15,85.45,0.65683043
2026-07-28,22.25,85.45,0.7594124
2026-07-28,22.35,85.45,0.50134385
2026-07-28,22.45,85.45,0.22046526
2026-07-28,22.55,85.45,0.118852295
2026-07-28,22.65,85.45,0.13537988
2026-07-28,22.75,85.45,0.16538614
2026-07-28,17.55,85.55,1.5505571
2026-07-28,17.65,85.55,0.9811941
2026-07-28,17.75,85.55,0.5669346
2026-07-28,17.85,85.55,0.0
2026-07-28,17.95,85.55,0.11900385
2026-07-28,18.05,85.55,0.15281476
2026-07-28,18.15,85.55,0.19981198
2026-07-28,18.25,85.55,0.0
2026-07-28,18.35,85.55,0.2797453
2026-07-28,18.45,85.55,0.3075392
2026-07-28,18.55,85.55,0.0
2026-07-28,18.65,85.55,0.0
2026-07-28,18.75,85.55,0.0
2026-07-28,18.85,85.55,0.0
2026-07-28,18.95,85.55,0.0
2026-07-28,19.05,85.55,0.0
2026-07-28,19.15,85.55,1.0779439
2026-07-28,19.25,85.55,1.1829937
2026-07-28,19.35,85.55,2.4949255
2026-07-28,19.45,85.55,2.729791
2026-07-28,19.55,85.55,2.567557
2026-07-28,19.65,85.55,2.0294056
2026-07-28,19.75,85.55,1.4017959
2026-07-28,19.85,85.55,0.89416605
2026-07-28,19.95,85.55,2.5833628
2026-07-28,20.05,85.55,3.5824616
2026-07-28,20.15,85.55,4.309291
2026-07-28,20.25,85.55,4.8284917
2026-07-28,20.35,85.55,5.4147353
2026-07-28,20.45,85.55,6.4626207
2026-07-28,20.55,85.55,7.357597
2026-07-28,20.65,85.55,8.453386
2026-07-28,20.75,85.55,9.537756
2026-07-28,20.85,85.55,9.383412
2026-07-28,20.95,85.55,9.498623
2026-07-28,21.05,85.55,9.311659
2026-07-28,21.15,85.55,9.489803
2026-07-28,21.25,85.55,9.025691
2026-07-28,21.35,85.55,9.533868
2026-07-28,21.45,85.55,9.722161
2026-07-28,21.55,85.55,6.9245143
2026-07-28,21.65,85.55,8.982343
2026-07-28,21.75,85.55,7.3225746
2026-07-28,21.85,85.55,6.677084
2026-07-28,21.95,85.55,3.148234
2026-07-28,22.05,85.55,2.9629743
2026-07-28,22.15,85.55,2.2409654
2026-07-28,22.25,85.55,0.7828402
2026-07-28,22.35,85.55,0.9847454
2026-07-28,22.45,85.55,0.56632924
2026-07-28,22.55,85.55,0.23161992
2026-07-28,22.65,85.55,0.24232046
2026-07-28,22.75,85.55,0.19680722
2026-07-28,17.55,85.65,2.0954726
2026-07-28,17.65,85.65,1.5148236
2026-07-28,17.75,85.65,0.0
2026-07-28,17.85,85.65,0.0
2026-07-28,17.95,85.65,0.14528488
2026-07-28,18.05,85.65,0.100930154
2026-07-28,18.15,85.65,0.12721911
2026-07-28,18.25,85.65,0.18289818
2026-07-28,18.35,85.65,0.0
2026-07-28,18.45,85.65,0.0
2026-07-28,18.55,85.65,0.0
2026-07-28,18.65,85.65,0.0
2026-07-28,18.75,85.65,0.0
2026-07-28,18.85,85.65,0.0
2026-07-28,18.95,85.65,0.0
2026-07-28,19.05,85.65,0.0
2026-07-28,19.15,85.65,0.0
2026-07-28,19.25,85.65,1.1204605
2026-07-28,19.35,85.65,1.3376461
2026-07-28,19.45,85.65,2.6499667
2026-07-28,19.55,85.65,2.433071
2026-07-28,19.65,85.65,1.9175475
2026-07-28,19.75,85.65,1.2916201
2026-07-28,19.85,85.65,1.3830342
2026-07-28,19.95,85.65,1.4589301
2026-07-28,20.05,85.65,3.972591
2026-07-28,20.15,85.65,4.8107986
2026-07-28,20.25,85.65,5.9135284
2026-07-28,20.35,85.65,5.855055
2026-07-28,20.45,85.65,6.525642
2026-07-28,20.55,85.65,7.4908686
2026-07-28,20.65,85.65,8.746404
2026-07-28,20.75,85.65,9.631807
2026-07-28,20.85,85.65,9.665785
2026-07-28,20.95,85.65,9.777163
2026-07-28,21.05,85.65,10.147258
2026-07-28,21.15,85.65,9.845423
2026-07-28,21.25,85.65,9.718293
2026-07-28,21.35,85.65,9.343764
2026-07-28,21.45,85.65,9.725144
2026-07-28,21.55,85.65,9.82388
2026-07-28,21.65,85.65,9.5812235
2026-07-28,21.75,85.65,7.6377254
2026-07-28,21.85,85.65,6.4805074
2026-07-28,21.95,85.65,5.3288727
2026-07-28,22.05,85.65,3.0799184
2026-07-28,22.15,85.65,2.539158
2026-07-28,22.25,85.65,1.3212354
2026-07-28,22.35,85.65,1.0672548
2026-07-28,22.45,85.65,0.6795708
2026-07-28,22.55,85.65,0.19446538
2026-07-28,22.65,85.65,0.23473535
2026-07-28,22.75,85.65,0.30668506
2026-07-28,17.55,85.75,1.8160897
2026-07-28,17.65,85.75,2.00415
2026-07-28,17.75,85.75,0.8415953
2026-07-28,17.85,85.75,0.38994533
2026-07-28,17.95,85.75,0.0
2026-07-28,18.05,85.75,0.07317978
2026-07-28,18.15,85.75,0.081420876
2026-07-28,18.25,85.75,0.13056825
2026-07-28,18.35,85.75,0.17992982
2026-07-28,18.45,85.75,0.0
2026-07-28,18.55,85.75,0.0
2026-07-28,18.65,85.75,0.0
2026-07-28,18.75,85.75,0.0
2026-07-28,18.85,85.75,0.0
2026-07-28,18.95,85.75,0.0
2026-07-28,19.05,85.75,0.0
2026-07-28,19.15,85.75,0.0
2026-07-28,19.25,85.75,0.0
2026-07-28,19.35,85.75,1.406191
2026-07-28,19.45,85.75,1.3026835
2026-07-28,19.55,85.75,2.3543608
2026-07-28,19.65,85.75,1.9355441
2026-07-28,19.75,85.75,1.3915899
2026-07-28,19.85,85.75,1.5672355
2026-07-28,19.95,85.75,2.4134257
2026-07-28,20.05,85.75,2.7374387
2026-07-28,20.15,85.75,5.128018
2026-07-28,20.25,85.75,6.755939
2026-07-28,20.35,85.75,6.104264
2026-07-28,20.45,85.75,8.433107
2026-07-28,20.55,85.75,7.863072
2026-07-28,20.65,85.75,9.540994
2026-07-28,20.75,85.75,9.782168
2026-07-28,20.85,85.75,10.846439
2026-07-28,20.95,85.75,10.263391
2026-07-28,21.05,85.75,10.453911
2026-07-28,21.15,85.75,10.4119835
2026-07-28,21.25,85.75,9.961872
2026-07-28,21.35,85.75,9.690948
2026-07-28,21.45,85.75,10.001227
2026-07-28,21.55,85.75,10.185226
2026-07-28,21.65,85.75,9.587978
2026-07-28,21.75,85.75,7.672495
2026-07-28,21.85,85.75,6.006702
2026-07-28,21.95,85.75,5.640731
2026-07-28,22.05,85.75,3.1357334
2026-07-28,22.15,85.75,2.754457
2026-07-28,22.25,85.75,2.022005
2026-07-28,22.35,85.75,0.0
2026-07-28,22.45,85.75,0.0
2026-07-28,22.55,85.75,0.0
2026-07-28,22.65,85.75,0.0
2026-07-28,22.75,85.75,0.2197145
2026-07-28,17.55,85.85,1.7885684
2026-07-28,17.65,85.85,1.8999239
2026-07-28,17.75,85.85,0.7856772
2026-07-28,17.85,85.85,0.5302377
2026-07-28,17.95,85.85,0.0
2026-07-28,18.05,85.85,0.117004864
2026-07-28,18.15,85.85,0.057648282
2026-07-28,18.25,85.85,0.102140926
2026-07-28,18.35,85.85,0.15381615
2026-07-28,18.45,85.85,0.21613817
2026-07-28,18.55,85.85,0.0
2026-07-28,18.65,85.85,0.0
2026-07-28,18.75,85.85,0.0
2026-07-28,18.85,85.85,0.0
2026-07-28,18.95,85.85,0.0
2026-07-28,19.05,85.85,0.0
2026-07-28,19.15,85.85,0.0
2026-07-28,19.25,85.85,1.2453479
2026-07-28,19.35,85.85,1.3784345
2026-07-28,19.45,85.85,1.3596106
2026-07-28,19.55,85.85,1.1825901
2026-07-28,19.65,85.85,1.0400364
2026-07-28,19.75,85.85,1.8846897
2026-07-28,19.85,85.85,1.8766801
2026-07-28,19.95,85.85,2.8123677
2026-07-28,20.05,85.85,4.302969
2026-07-28,20.15,85.85,3.2934217
2026-07-28,20.25,85.85,6.475706
2026-07-28,20.35,85.85,6.920783
2026-07-28,20.45,85.85,9.10506
2026-07-28,20.55,85.85,9.305915
2026-07-28,20.65,85.85,9.300071
2026-07-28,20.75,85.85,10.976122
2026-07-28,20.85,85.85,12.027945
2026-07-28,20.95,85.85,12.198735
2026-07-28,21.05,85.85,12.434157
2026-07-28,21.15,85.85,11.866804
2026-07-28,21.25,85.85,11.286537
2026-07-28,21.35,85.85,10.186852
2026-07-28,21.45,85.85,10.358391
2026-07-28,21.55,85.85,10.477951
2026-07-28,21.65,85.85,9.253963
2026-07-28,21.75,85.85,7.7519927
2026-07-28,21.85,85.85,6.05685
2026-07-28,21.95,85.85,5.727984
2026-07-28,22.05,85.85,5.7961574
2026-07-28,22.15,85.85,3.2145383
2026-07-28,22.25,85.85,0.0
2026-07-28,22.35,85.85,0.0
2026-07-28,22.45,85.85,0.0
2026-07-28,22.55,85.85,0.0
2026-07-28,22.65,85.85,0.0
2026-07-28,22.75,85.85,0.0
2026-07-28,17.55,85.95,1.5639586
2026-07-28,17.65,85.95,1.9649792
2026-07-28,17.75,85.95,0.8711448
2026-07-28,17.85,85.95,0.79664654
2026-07-28,17.95,85.95,0.0
2026-07-28,18.05,85.95,0.17128415
2026-07-28,18.15,85.95,0.05752804
2026-07-28,18.25,85.95,0.06153106
2026-07-28,18.35,85.95,0.14685093
2026-07-28,18.45,85.95,0.13301381
2026-07-28,18.55,85.95,0.23154692
2026-07-28,18.65,85.95,0.30358022
2026-07-28,18.75,85.95,0.0
2026-07-28,18.85,85.95,0.0
2026-07-28,18.95,85.95,0.0
2026-07-28,19.05,85.95,0.0
2026-07-28,19.15,85.95,0.0
2026-07-28,19.25,85.95,1.272
2026-07-28,19.35,85.95,1.3714017
2026-07-28,19.45,85.95,1.4199754
2026-07-28,19.55,85.95,2.6724782
2026-07-28,19.65,85.95,2.6122615
2026-07-28,19.75,85.95,2.5662405
2026-07-28,19.85,85.95,2.534407
2026-07-28,19.95,85.95,3.8685734
2026-07-28,20.05,85.95,4.5488267
2026-07-28,20.15,85.95,5.1382136
2026-07-28,20.25,85.95,6.4195147
2026-07-28,20.35,85.95,8.144907
2026-07-28,20.45,85.95,9.669174
2026-07-28,20.55,85.95,9.700371
2026-07-28,20.65,85.95,9.236145
2026-07-28,20.75,85.95,11.133997
2026-07-28,20.85,85.95,12.696184
2026-07-28,20.95,85.95,13.2292185
2026-07-28,21.05,85.95,13.439196
2026-07-28,21.15,85.95,13.23782
2026-07-28,21.25,85.95,12.695483
2026-07-28,21.35,85.95,11.706173
2026-07-28,21.45,85.95,12.0706
2026-07-28,21.55,85.95,11.164207
2026-07-28,21.65,85.95,8.2459
2026-07-28,21.75,85.95,7.146502
2026-07-28,21.85,85.95,6.5432935
2026-07-28,21.95,85.95,5.7751465
2026-07-28,22.05,85.95,5.7024097
2026-07-28,22.15,85.95,5.4290795
2026-07-28,22.25,85.95,1.5253547
2026-07-28,22.35,85.95,0.6790127
2026-07-28,22.45,85.95,0.4477761
2026-07-28,22.55,85.95,0.3178386
2026-07-28,22.65,85.95,0.09525139
2026-07-28,22.75,85.95,0.0
2026-07-28,17.55,86.05,0.83029735
2026-07-28,17.65,86.05,1.6285267
2026-07-28,17.75,86.05,2.9723997
2026-07-28,17.85,86.05,1.4010216
2026-07-28,17.95,86.05,0.0
2026-07-28,18.05,86.05,0.41016978
2026-07-28,18.15,86.05,0.10848594
2026-07-28,18.25,86.05,0.05296551
2026-07-28,18.35,86.05,0.06870704
2026-07-28,18.45,86.05,0.109933265
2026-07-28,18.55,86.05,0.15513848
2026-07-28,18.65,86.05,0.6936722
2026-07-28,18.75,86.05,1.1014922
2026-07-28,18.85,86.05,1.3752309
2026-07-28,18.95,86.05,0.0
2026-07-28,19.05,86.05,0.0
2026-07-28,19.15,86.05,0.0
2026-07-28,19.25,86.05,1.3746492
2026-07-28,19.35,86.05,1.3298213
2026-07-28,19.45,86.05,1.4073032
2026-07-28,19.55,86.05,2.9008818
2026-07-28,19.65,86.05,3.2091274
2026-07-28,19.75,86.05,3.2979774
2026-07-28,19.85,86.05,3.2764726
2026-07-28,19.95,86.05,4.5065565
2026-07-28,20.05,86.05,5.149796
2026-07-28,20.15,86.05,5.6520543
2026-07-28,20.25,86.05,6.283009
2026-07-28,20.35,86.05,8.713409
2026-07-28,20.45,86.05,9.764998
2026-07-28,20.55,86.05,10.197203
2026-07-28,20.65,86.05,9.741239
2026-07-28,20.75,86.05,11.105327
2026-07-28,20.85,86.05,12.797926
2026-07-28,20.95,86.05,13.161541
2026-07-28,21.05,86.05,13.247347
2026-07-28,21.15,86.05,12.8183
2026-07-28,21.25,86.05,12.950068
2026-07-28,21.35,86.05,12.869705
2026-07-28,21.45,86.05,12.129841
2026-07-28,21.55,86.05,10.891613
2026-07-28,21.65,86.05,7.6620607
2026-07-28,21.75,86.05,7.2135983
2026-07-28,21.85,86.05,6.321306
2026-07-28,21.95,86.05,5.919429
2026-07-28,22.05,86.05,5.6662908
2026-07-28,22.15,86.05,5.6586847
2026-07-28,22.25,86.05,2.0932603
2026-07-28,22.35,86.05,0.81773055
2026-07-28,22.45,86.05,0.3761642
2026-07-28,22.55,86.05,0.2795119
2026-07-28,22.65,86.05,0.07377372
2026-07-28,22.75,86.05,0.0
2026-07-28,17.55,86.15,0.914771
2026-07-28,17.65,86.15,1.1137307
2026-07-28,17.75,86.15,0.9871008
2026-07-28,17.85,86.15,1.1933064
2026-07-28,17.95,86.15,0.0
2026-07-28,18.05,86.15,0.0
2026-07-28,18.15,86.15,0.0
2026-07-28,18.25,86.15,0.0
2026-07-28,18.35,86.15,0.0
2026-07-28,18.45,86.15,0.0
2026-07-28,18.55,86.15,0.13514617
2026-07-28,18.65,86.15,0.56038964
2026-07-28,18.75,86.15,0.96387625
2026-07-28,18.85,86.15,1.1374624
2026-07-28,18.95,86.15,0.7817052
2026-07-28,19.05,86.15,0.8935926
2026-07-28,19.15,86.15,0.0
2026-07-28,19.25,86.15,1.3960541
2026-07-28,19.35,86.15,1.325826
2026-07-28,19.45,86.15,1.3806279
2026-07-28,19.55,86.15,1.4619142
2026-07-28,19.65,86.15,1.5349854
2026-07-28,19.75,86.15,3.4015193
2026-07-28,19.85,86.15,3.8481052
2026-07-28,19.95,86.15,4.7609024
2026-07-28,20.05,86.15,5.5872803
2026-07-28,20.15,86.15,6.288142
2026-07-28,20.25,86.15,6.6388826
2026-07-28,20.35,86.15,8.278205
2026-07-28,20.45,86.15,9.957843
2026-07-28,20.55,86.15,9.589363
2026-07-28,20.65,86.15,9.665062
2026-07-28,20.75,86.15,11.313895
2026-07-28,20.85,86.15,13.259489
2026-07-28,20.95,86.15,13.998636
2026-07-28,21.05,86.15,13.733423
2026-07-28,21.15,86.15,12.697929
2026-07-28,21.25,86.15,12.837211
2026-07-28,21.35,86.15,12.777753
2026-07-28,21.45,86.15,12.334026
2026-07-28,21.55,86.15,11.299597
2026-07-28,21.65,86.15,7.873521
2026-07-28,21.75,86.15,6.738652
2026-07-28,21.85,86.15,6.698251
2026-07-28,21.95,86.15,5.8963327
2026-07-28,22.05,86.15,2.684378
2026-07-28,22.15,86.15,3.0245705
2026-07-28,22.25,86.15,2.3833528
2026-07-28,22.35,86.15,0.93053395
2026-07-28,22.45,86.15,0.33576128
2026-07-28,22.55,86.15,0.25367287
2026-07-28,22.65,86.15,0.17021386
2026-07-28,22.75,86.15,0.08554208
2026-07-28,17.55,86.25,0.0
2026-07-28,17.65,86.25,0.0
2026-07-28,17.75,86.25,0.0
2026-07-28,17.85,86.25,0.0
2026-07-28,17.95,86.25,0.0
2026-07-28,18.05,86.25,0.0
2026-07-28,18.15,86.25,1.7060845
2026-07-28,18.25,86.25,0.68205637
2026-07-28,18.35,86.25,0.0
2026-07-28,18.45,86.25,0.0
2026-07-28,18.55,86.25,0.1607783
2026-07-28,18.65,86.25,0.61332
2026-07-28,18.75,86.25,0.97083414
2026-07-28,18.85,86.25,1.0827361
2026-07-28,18.95,86.25,0.6373721
2026-07-28,19.05,86.25,1.7908976
2026-07-28,19.15,86.25,1.1412834
2026-07-28,19.25,86.25,1.2508296
2026-07-28,19.35,86.25,2.747581
2026-07-28,19.45,86.25,2.885336
2026-07-28,19.55,86.25,2.9248369
2026-07-28,19.65,86.25,1.4580548
2026-07-28,19.75,86.25,1.6243523
2026-07-28,19.85,86.25,3.5763674
2026-07-28,19.95,86.25,4.983356
2026-07-28,20.05,86.25,5.7657223
2026-07-28,20.15,86.25,6.4147296
2026-07-28,20.25,86.25,7.0662355
2026-07-28,20.35,86.25,8.993464
2026-07-28,20.45,86.25,9.993231
2026-07-28,20.55,86.25,10.688973
2026-07-28,20.65,86.25,11.865006
2026-07-28,20.75,86.25,11.398829
2026-07-28,20.85,86.25,12.64764
2026-07-28,20.95,86.25,14.16179
2026-07-28,21.05,86.25,13.847738
2026-07-28,21.15,86.25,12.821582
2026-07-28,21.25,86.25,12.459484
2026-07-28,21.35,86.25,12.757922
2026-07-28,21.45,86.25,12.879609
2026-07-28,21.55,86.25,11.211161
2026-07-28,21.65,86.25,7.7288947
2026-07-28,21.75,86.25,6.5407815
2026-07-28,21.85,86.25,6.624224
2026-07-28,21.95,86.25,6.166524
2026-07-28,22.05,86.25,2.8497574
2026-07-28,22.15,86.25,3.1169415
2026-07-28,22.25,86.25,2.6398902
2026-07-28,22.35,86.25,1.1976175
2026-07-28,22.45,86.25,0.39290786
2026-07-28,22.55,86.25,0.34597805
2026-07-28,22.65,86.25,0.0
2026-07-28,22.75,86.25,0.16091758
2026-07-28,17.55,86.35,0.0
2026-07-28,17.65,86.35,0.0
2026-07-28,17.75,86.35,0.0
2026-07-28,17.85,86.35,0.0
2026-07-28,17.95,86.35,0.0
2026-07-28,18.05,86.35,0.0
2026-07-28,18.15,86.35,1.9104693
2026-07-28,18.25,86.35,1.678226
2026-07-28,18.35,86.35,0.9159594
2026-07-28,18.45,86.35,0.3040032
2026-07-28,18.55,86.35,0.24693032
2026-07-28,18.65,86.35,0.48387474
2026-07-28,18.75,86.35,1.012498
2026-07-28,18.85,86.35,0.4920232
2026-07-28,18.95,86.35,0.54214644
2026-07-28,19.05,86.35,1.3845121
2026-07-28,19.15,86.35,1.8781312
2026-07-28,19.25,86.35,2.2462416
2026-07-28,19.35,86.35,1.3301555
2026-07-28,19.45,86.35,3.0561993
2026-07-28,19.55,86.35,3.0684724
2026-07-28,19.65,86.35,1.4172496
2026-07-28,19.75,86.35,1.5257674
2026-07-28,19.85,86.35,0.0
2026-07-28,19.95,86.35,4.211271
2026-07-28,20.05,86.35,5.5343313
2026-07-28,20.15,86.35,5.9248524
2026-07-28,20.25,86.35,7.2827687
2026-07-28,20.35,86.35,9.5835
2026-07-28,20.45,86.35,10.604681
2026-07-28,20.55,86.35,11.037771
2026-07-28,20.65,86.35,12.611028
2026-07-28,20.75,86.35,13.748636
2026-07-28,20.85,86.35,13.816668
2026-07-28,20.95,86.35,14.329118
2026-07-28,21.05,86.35,15.159625
2026-07-28,21.15,86.35,14.439784
2026-07-28,21.25,86.35,12.825957
2026-07-28,21.35,86.35,12.442757
2026-07-28,21.45,86.35,12.782923
2026-07-28,21.55,86.35,11.169998
2026-07-28,21.65,86.35,8.146175
2026-07-28,21.75,86.35,6.819454
2026-07-28,21.85,86.35,6.5368423
2026-07-28,21.95,86.35,6.2303605
2026-07-28,22.05,86.35,2.9164097
2026-07-28,22.15,86.35,3.1807387
2026-07-28,22.25,86.35,2.4949908
2026-07-28,22.35,86.35,1.5352799
2026-07-28,22.45,86.35,1.1292882
2026-07-28,22.55,86.35,1.0099242
2026-07-28,22.65,86.35,0.0
2026-07-28,22.75,86.35,0.28224424
2026-07-28,17.55,86.45,0.0
2026-07-28,17.65,86.45,0.0
2026-07-28,17.75,86.45,0.0
2026-07-28,17.85,86.45,0.0
2026-07-28,17.95,86.45,0.0
2026-07-28,18.05,86.45,1.290359
2026-07-28,18.15,86.45,1.6715022
2026-07-28,18.25,86.45,1.7378383
2026-07-28,18.35,86.45,1.3760196
2026-07-28,18.45,86.45,1.1421307
2026-07-28,18.55,86.45,0.56182915
2026-07-28,18.65,86.45,0.43050927
2026-07-28,18.75,86.45,0.30623502
2026-07-28,18.85,86.45,0.45274976
2026-07-28,18.95,86.45,0.56428456
2026-07-28,19.05,86.45,0.755849
2026-07-28,19.15,86.45,1.7456187
2026-07-28,19.25,86.45,2.1097474
2026-07-28,19.35,86.45,1.221705
2026-07-28,19.45,86.45,2.5850775
2026-07-28,19.55,86.45,2.870616
2026-07-28,19.65,86.45,1.3244317
2026-07-28,19.75,86.45,1.3554465
2026-07-28,19.85,86.45,0.0
2026-07-28,19.95,86.45,1.6285985
2026-07-28,20.05,86.45,2.3274775
2026-07-28,20.15,86.45,2.5133083
2026-07-28,20.25,86.45,3.0856175
2026-07-28,20.35,86.45,7.6980414
2026-07-28,20.45,86.45,9.544948
2026-07-28,20.55,86.45,10.896646
2026-07-28,20.65,86.45,11.796524
2026-07-28,20.75,86.45,12.155117
2026-07-28,20.85,86.45,14.307913
2026-07-28,20.95,86.45,15.23715
2026-07-28,21.05,86.45,16.256924
2026-07-28,21.15,86.45,16.39441
2026-07-28,21.25,86.45,15.580721
2026-07-28,21.35,86.45,12.920604
2026-07-28,21.45,86.45,12.264537
2026-07-28,21.55,86.45,9.706976
2026-07-28,21.65,86.45,8.233668
2026-07-28,21.75,86.45,7.0818157
2026-07-28,21.85,86.45,6.3937383
2026-07-28,21.95,86.45,3.4238703
2026-07-28,22.05,86.45,2.929502
2026-07-28,22.15,86.45,2.7529516
2026-07-28,22.25,86.45,2.2273357
2026-07-28,22.35,86.45,1.42608
2026-07-28,22.45,86.45,1.3464963
2026-07-28,22.55,86.45,1.261867
2026-07-28,22.65,86.45,0.57529694
2026-07-28,22.75,86.45,0.21672054
2026-07-28,17.55,86.55,0.0
2026-07-28,17.65,86.55,0.0
2026-07-28,17.75,86.55,0.0
2026-07-28,17.85,86.55,0.0
2026-07-28,17.95,86.55,0.0
2026-07-28,18.05,86.55,1.2250129
2026-07-28,18.15,86.55,1.4042035
2026-07-28,18.25,86.55,1.5802529
2026-07-28,18.35,86.55,1.4660735
2026-07-28,18.45,86.55,1.0490935
2026-07-28,18.55,86.55,1.1426562
2026-07-28,18.65,86.55,0.95395154
2026-07-28,18.75,86.55,0.43659517
2026-07-28,18.85,86.55,0.5920534
2026-07-28,18.95,86.55,0.76101196
2026-07-28,19.05,86.55,0.81837
2026-07-28,19.15,86.55,0.79068524
2026-07-28,19.25,86.55,0.0
2026-07-28,19.35,86.55,1.0890509
2026-07-28,19.45,86.55,2.4036274
2026-07-28,19.55,86.55,2.5375113
2026-07-28,19.65,86.55,2.5692613
2026-07-28,19.75,86.55,0.0
2026-07-28,19.85,86.55,0.0
2026-07-28,19.95,86.55,1.6302807
2026-07-28,20.05,86.55,1.804897
2026-07-28,20.15,86.55,2.0937681
2026-07-28,20.25,86.55,5.898811
2026-07-28,20.35,86.55,7.0863204
2026-07-28,20.45,86.55,8.458577
2026-07-28,20.55,86.55,10.064357
2026-07-28,20.65,86.55,10.498303
2026-07-28,20.75,86.55,11.588888
2026-07-28,20.85,86.55,14.436704
2026-07-28,20.95,86.55,12.592852
2026-07-28,21.05,86.55,15.447275
2026-07-28,21.15,86.55,15.332682
2026-07-28,21.25,86.55,14.071403
2026-07-28,21.35,86.55,13.568929
2026-07-28,21.45,86.55,12.55812
2026-07-28,21.55,86.55,10.053017
2026-07-28,21.65,86.55,10.147624
2026-07-28,21.75,86.55,7.206674
2026-07-28,21.85,86.55,3.4421709
2026-07-28,21.95,86.55,3.3759112
2026-07-28,22.05,86.55,2.6714885
2026-07-28,22.15,86.55,2.581028
2026-07-28,22.25,86.55,2.1211753
2026-07-28,22.35,86.55,1.1757258
2026-07-28,22.45,86.55,0.94834715
2026-07-28,22.55,86.55,0.95245785
2026-07-28,22.65,86.55,0.4173
2026-07-28,22.75,86.55,0.09576826
2026-07-28,17.55,86.65,0.0
2026-07-28,17.65,86.65,0.0
2026-07-28,17.75,86.65,0.0
2026-07-28,17.85,86.65,0.0
2026-07-28,17.95,86.65,0.0
2026-07-28,18.05,86.65,0.0
2026-07-28,18.15,86.65,1.1219356
2026-07-28,18.25,86.65,1.42619
2026-07-28,18.35,86.65,1.671079
2026-07-28,18.45,86.65,1.1297904
2026-07-28,18.55,86.65,1.0629823
2026-07-28,18.65,86.65,0.0
2026-07-28,18.75,86.65,0.0
2026-07-28,18.85,86.65,0.60602665
2026-07-28,18.95,86.65,0.94288474
2026-07-28,19.05,86.65,0.9413052
2026-07-28,19.15,86.65,0.86676246
2026-07-28,19.25,86.65,0.0
2026-07-28,19.35,86.65,0.0
2026-07-28,19.45,86.65,1.0199758
2026-07-28,19.55,86.65,2.3674264
2026-07-28,19.65,86.65,2.4931643
2026-07-28,19.75,86.65,0.0
2026-07-28,19.85,86.65,0.0
2026-07-28,19.95,86.65,1.628769
2026-07-28,20.05,86.65,1.6811804
2026-07-28,20.15,86.65,2.0378757
2026-07-28,20.25,86.65,5.7445292
2026-07-28,20.35,86.65,6.599107
2026-07-28,20.45,86.65,7.685421
2026-07-28,20.55,86.65,9.692638
2026-07-28,20.65,86.65,11.028493
2026-07-28,20.75,86.65,12.595812
2026-07-28,20.85,86.65,13.063928
2026-07-28,20.95,86.65,13.313435
2026-07-28,21.05,86.65,13.678405
2026-07-28,21.15,86.65,12.532421
2026-07-28,21.25,86.65,11.2424135
2026-07-28,21.35,86.65,11.121287
2026-07-28,21.45,86.65,11.110912
2026-07-28,21.55,86.65,9.971428
2026-07-28,21.65,86.65,9.127885
2026-07-28,21.75,86.65,7.157235
2026-07-28,21.85,86.65,2.965832
2026-07-28,21.95,86.65,2.8485074
2026-07-28,22.05,86.65,0.0
2026-07-28,22.15,86.65,2.094802
2026-07-28,22.25,86.65,1.8530312
2026-07-28,22.35,86.65,0.60087216
2026-07-28,22.45,86.65,0.0
2026-07-28,22.55,86.65,0.53306335
2026-07-28,22.65,86.65,0.18812996
2026-07-28,22.75,86.65,0.054658268
2026-07-28,17.55,86.75,0.0
2026-07-28,17.65,86.75,0.0
2026-07-28,17.75,86.75,0.0
2026-07-28,17.85,86.75,0.0
2026-07-28,17.95,86.75,0.0
2026-07-28,18.05,86.75,0.0
2026-07-28,18.15,86.75,0.0
2026-07-28,18.25,86.75,0.0
2026-07-28,18.35,86.75,0.0
2026-07-28,18.45,86.75,0.0
2026-07-28,18.55,86.75,0.0
2026-07-28,18.65,86.75,0.0
2026-07-28,18.75,86.75,0.0
2026-07-28,18.85,86.75,0.93369156
2026-07-28,18.95,86.75,0.9104015
2026-07-28,19.05,86.75,0.8914818
2026-07-28,19.15,86.75,0.95470554
2026-07-28,19.25,86.75,0.0
2026-07-28,19.35,86.75,0.0
2026-07-28,19.45,86.75,0.8001205
2026-07-28,19.55,86.75,0.85998744
2026-07-28,19.65,86.75,1.1117282
2026-07-28,19.75,86.75,1.2564232
2026-07-28,19.85,86.75,1.3175066
2026-07-28,19.95,86.75,1.4420327
2026-07-28,20.05,86.75,1.6479281
2026-07-28,20.15,86.75,2.0053055
2026-07-28,20.25,86.75,2.397104
2026-07-28,20.35,86.75,6.2710533
2026-07-28,20.45,86.75,7.325426
2026-07-28,20.55,86.75,9.37338
2026-07-28,20.65,86.75,10.393183
2026-07-28,20.75,86.75,12.582759
2026-07-28,20.85,86.75,12.938506
2026-07-28,20.95,86.75,13.281616
2026-07-28,21.05,86.75,13.523486
2026-07-28,21.15,86.75,11.94652
2026-07-28,21.25,86.75,10.972823
2026-07-28,21.35,86.75,9.681135
2026-07-28,21.45,86.75,10.124479
2026-07-28,21.55,86.75,9.310022
2026-07-28,21.65,86.75,8.321492
2026-07-28,21.75,86.75,2.8683183
2026-07-28,21.85,86.75,2.1788135
2026-07-28,21.95,86.75,1.8905205
2026-07-28,22.05,86.75,1.6028141
2026-07-28,22.15,86.75,0.9508764
2026-07-28,22.25,86.75,0.0
2026-07-28,22.35,86.75,0.0
2026-07-28,22.45,86.75,0.0
2026-07-28,22.55,86.75,0.19735433
2026-07-28,22.65,86.75,0.079409145
2026-07-28,22.75,86.75,0.037052434
2026-07-28,17.55,86.85,0.0
2026-07-28,17.65,86.85,0.0
2026-07-28,17.75,86.85,0.0
2026-07-28,17.85,86.85,0.0
2026-07-28,17.95,86.85,0.0
2026-07-28,18.05,86.85,0.0
2026-07-28,18.15,86.85,0.0
2026-07-28,18.25,86.85,0.0
2026-07-28,18.35,86.85,0.0
2026-07-28,18.45,86.85,0.0
2026-07-28,18.55,86.85,0.0
2026-07-28,18.65,86.85,0.0
2026-07-28,18.75,86.85,0.0
2026-07-28,18.85,86.85,0.0
2026-07-28,18.95,86.85,1.0180743
2026-07-28,19.05,86.85,0.9793819
2026-07-28,19.15,86.85,0.9819796
2026-07-28,19.25,86.85,0.0
2026-07-28,19.35,86.85,1.0414646
2026-07-28,19.45,86.85,0.986924
2026-07-28,19.55,86.85,0.83098835
2026-07-28,19.65,86.85,0.85711354
2026-07-28,19.75,86.85,0.9470089
2026-07-28,19.85,86.85,1.0535084
2026-07-28,19.95,86.85,1.2526703
2026-07-28,20.05,86.85,1.380846
2026-07-28,20.15,86.85,1.7203872
2026-07-28,20.25,86.85,2.2809043
2026-07-28,20.35,86.85,2.5281904
2026-07-28,20.45,86.85,2.9355068
2026-07-28,20.55,86.85,7.753731
2026-07-28,20.65,86.85,9.475205
2026-07-28,20.75,86.85,10.339618
2026-07-28,20.85,86.85,10.579709
2026-07-28,20.95,86.85,10.872103
2026-07-28,21.05,86.85,11.698995
2026-07-28,21.15,86.85,11.747594
2026-07-28,21.25,86.85,10.747391
2026-07-28,21.35,86.85,9.433029
2026-07-28,21.45,86.85,9.814437
2026-07-28,21.55,86.85,9.1752
2026-07-28,21.65,86.85,7.8315396
2026-07-28,21.75,86.85,2.4937181
2026-07-28,21.85,86.85,1.039616
2026-07-28,21.95,86.85,1.0227121
2026-07-28,22.05,86.85,0.0
2026-07-28,22.15,86.85,0.0
2026-07-28,22.25,86.85,0.0
2026-07-28,22.35,86.85,0.0
2026-07-28,22.45,86.85,0.0
2026-07-28,22.55,86.85,0.14614339
2026-07-28,22.65,86.85,0.043079093
2026-07-28,22.75,86.85,0.027615242
2026-07-28,17.55,86.95,0.0
2026-07-28,17.65,86.95,0.0
2026-07-28,17.75,86.95,0.0
2026-07-28,17.85,86.95,0.0
2026-07-28,17.95,86.95,0.0
2026-07-28,18.05,86.95,0.0
2026-07-28,18.15,86.95,0.0
2026-07-28,18.25,86.95,0.0
2026-07-28,18.35,86.95,0.0
2026-07-28,18.45,86.95,0.0
2026-07-28,18.55,86.95,0.0
2026-07-28,18.65,86.95,0.0
2026-07-28,18.75,86.95,0.0
2026-07-28,18.85,86.95,0.0
2026-07-28,18.95,86.95,0.8247976
2026-07-28,19.05,86.95,0.8400649
2026-07-28,19.15,86.95,1.0247076
2026-07-28,19.25,86.95,1.0035099
2026-07-28,19.35,86.95,1.1753389
2026-07-28,19.45,86.95,0.0
2026-07-28,19.55,86.95,0.88430667
2026-07-28,19.65,86.95,0.78495014
2026-07-28,19.75,86.95,0.7639366
2026-07-28,19.85,86.95,0.74701923
2026-07-28,19.95,86.95,0.9083422
2026-07-28,20.05,86.95,0.8221941
2026-07-28,20.15,86.95,1.179534
2026-07-28,20.25,86.95,2.3189583
2026-07-28,20.35,86.95,2.4277012
2026-07-28,20.45,86.95,2.4947963
2026-07-28,20.55,86.95,3.3889709
2026-07-28,20.65,86.95,4.7751856
2026-07-28,20.75,86.95,3.922299
2026-07-28,20.85,86.95,4.3852954
2026-07-28,20.95,86.95,4.555904
2026-07-28,21.05,86.95,9.681915
2026-07-28,21.15,86.95,9.539811
2026-07-28,21.25,86.95,9.552991
2026-07-28,21.35,86.95,8.473982
2026-07-28,21.45,86.95,9.554021
2026-07-28,21.55,86.95,8.790195
2026-07-28,21.65,86.95,6.8796844
2026-07-28,21.75,86.95,1.7868228
2026-07-28,21.85,86.95,0.9168006
2026-07-28,21.95,86.95,0.6350595
2026-07-28,22.05,86.95,0.0
2026-07-28,22.15,86.95,0.0
2026-07-28,22.25,86.95,0.046813533
2026-07-28,22.35,86.95,0.0
2026-07-28,22.45,86.95,0.0
2026-07-28,22.55,86.95,0.08175916
2026-07-28,22.65,86.95,0.0
2026-07-28,22.75,86.95,0.0
2026-07-28,17.55,87.05,0.0
2026-07-28,17.65,87.05,0.0
2026-07-28,17.75,87.05,0.0
2026-07-28,17.85,87.05,0.0
2026-07-28,17.95,87.05,0.0
2026-07-28,18.05,87.05,0.0
2026-07-28,18.15,87.05,0.0
2026-07-28,18.25,87.05,0.0
2026-07-28,18.35,87.05,0.0
2026-07-28,18.45,87.05,0.0
2026-07-28,18.55,87.05,0.0
2026-07-28,18.65,87.05,0.0
2026-07-28,18.75,87.05,0.0
2026-07-28,18.85,87.05,0.0
2026-07-28,18.95,87.05,0.8103004
2026-07-28,19.05,87.05,0.765971
2026-07-28,19.15,87.05,0.8370523
2026-07-28,19.25,87.05,0.9746212
2026-07-28,19.35,87.05,1.1826739
2026-07-28,19.45,87.05,0.0
2026-07-28,19.55,87.05,1.0871208
2026-07-28,19.65,87.05,0.77265745
2026-07-28,19.75,87.05,0.7801084
2026-07-28,19.85,87.05,0.80645454
2026-07-28,19.95,87.05,0.92351556
2026-07-28,20.05,87.05,0.68135166
2026-07-28,20.15,87.05,0.73500204
2026-07-28,20.25,87.05,1.7934217
2026-07-28,20.35,87.05,2.2169304
2026-07-28,20.45,87.05,2.0746913
2026-07-28,20.55,87.05,2.1742673
2026-07-28,20.65,87.05,3.0379562
2026-07-28,20.75,87.05,3.348152
2026-07-28,20.85,87.05,3.5074444
2026-07-28,20.95,87.05,3.3987079
2026-07-28,21.05,87.05,3.121274
2026-07-28,21.15,87.05,3.0632114
2026-07-28,21.25,87.05,2.470867
2026-07-28,21.35,87.05,2.552428
2026-07-28,21.45,87.05,7.1548395
2026-07-28,21.55,87.05,6.6723213
2026-07-28,21.65,87.05,3.452022
2026-07-28,21.75,87.05,1.3799059
2026-07-28,21.85,87.05,1.2344385
2026-07-28,21.95,87.05,0.78011715
2026-07-28,22.05,87.05,0.13334094
2026-07-28,22.15,87.05,0.056423753
2026-07-28,22.25,87.05,0.02785462
2026-07-28,22.35,87.05,0.08490832
2026-07-28,22.45,87.05,0.0
2026-07-28,22.55,87.05,0.0
2026-07-28,22.65,87.05,0.0
2026-07-28,22.75,87.05,0.0
2026-07-28,17.55,87.15,0.0
2026-07-28,17.65,87.15,0.0
2026-07-28,17.75,87.15,0.0
2026-07-28,17.85,87.15,0.0
2026-07-28,17.95,87.15,0.0
2026-07-28,18.05,87.15,0.0
2026-07-28,18.15,87.15,0.0
2026-07-28,18.25,87.15,0.0
2026-07-28,18.35,87.15,0.0
2026-07-28,18.45,87.15,0.0
2026-07-28,18.55,87.15,0.0
2026-07-28,18.65,87.15,0.0
2026-07-28,18.75,87.15,0.0
2026-07-28,18.85,87.15,0.0
2026-07-28,18.95,87.15,0.0
2026-07-28,19.05,87.15,0.845114
2026-07-28,19.15,87.15,0.6398502
2026-07-28,19.25,87.15,0.56652606
2026-07-28,19.35,87.15,0.0
2026-07-28,19.45,87.15,0.0
2026-07-28,19.55,87.15,0.0
2026-07-28,19.65,87.15,0.86635244
2026-07-28,19.75,87.15,0.91600174
2026-07-28,19.85,87.15,0.9467332
2026-07-28,19.95,87.15,1.0343461
2026-07-28,20.05,87.15,1.0092281
2026-07-28,20.15,87.15,0.7767298
2026-07-28,20.25,87.15,0.9260063
2026-07-28,20.35,87.15,1.5437979
2026-07-28,20.45,87.15,1.781296
2026-07-28,20.55,87.15,1.6877528
2026-07-28,20.65,87.15,1.8068837
2026-07-28,20.75,87.15,2.2718294
2026-07-28,20.85,87.15,2.483936
2026-07-28,20.95,87.15,2.393861
2026-07-28,21.05,87.15,2.5813906
2026-07-28,21.15,87.15,2.6001377
2026-07-28,21.25,87.15,1.9628515
2026-07-28,21.35,87.15,1.7143354
2026-07-28,21.45,87.15,1.4353114
2026-07-28,21.55,87.15,1.0702673
2026-07-28,21.65,87.15,0.0
2026-07-28,21.75,87.15,1.3153871
2026-07-28,21.85,87.15,0.9412856
2026-07-28,21.95,87.15,0.43487206
2026-07-28,22.05,87.15,0.08988459
2026-07-28,22.15,87.15,0.028455231
2026-07-28,22.25,87.15,0.04481184
2026-07-28,22.35,87.15,0.0
2026-07-28,22.45,87.15,0.0
2026-07-28,22.55,87.15,0.0
2026-07-28,22.65,87.15,0.0
2026-07-28,22.75,87.15,0.0
2026-07-28,17.55,87.25,0.0
2026-07-28,17.65,87.25,0.0
2026-07-28,17.75,87.25,0.0
2026-07-28,17.85,87.25,0.0
2026-07-28,17.95,87.25,0.0
2026-07-28,18.05,87.25,0.0
2026-07-28,18.15,87.25,0.0
2026-07-28,18.25,87.25,0.0
2026-07-28,18.35,87.25,0.0
2026-07-28,18.45,87.25,0.0
2026-07-28,18.55,87.25,0.0
2026-07-28,18.65,87.25,0.0
2026-07-28,18.75,87.25,0.0
2026-07-28,18.85,87.25,0.0
2026-07-28,18.95,87.25,0.0
2026-07-28,19.05,87.25,1.0267934
2026-07-28,19.15,87.25,0.887406
2026-07-28,19.25,87.25,0.6242058
2026-07-28,19.35,87.25,0.43486348
2026-07-28,19.45,87.25,0.0
2026-07-28,19.55,87.25,0.0
2026-07-28,19.65,87.25,0.63107973
2026-07-28,19.75,87.25,0.671953
2026-07-28,19.85,87.25,0.6969282
2026-07-28,19.95,87.25,0.8438035
2026-07-28,20.05,87.25,0.93195695
2026-07-28,20.15,87.25,0.92915773
2026-07-28,20.25,87.25,0.76636904
2026-07-28,20.35,87.25,0.95856524
2026-07-28,20.45,87.25,1.1091653
2026-07-28,20.55,87.25,1.0238167
2026-07-28,20.65,87.25,0.7664287
2026-07-28,20.75,87.25,0.7013286
2026-07-28,20.85,87.25,1.1123142
2026-07-28,20.95,87.25,1.1741167
2026-07-28,21.05,87.25,1.3950548
2026-07-28,21.15,87.25,1.1378969
2026-07-28,21.25,87.25,0.7986082
2026-07-28,21.35,87.25,0.8820787
2026-07-28,21.45,87.25,0.70874655
2026-07-28,21.55,87.25,0.5421868
2026-07-28,21.65,87.25,0.0
2026-07-28,21.75,87.25,0.0
2026-07-28,21.85,87.25,0.0
2026-07-28,21.95,87.25,0.14506888
2026-07-28,22.05,87.25,0.062143054
2026-07-28,22.15,87.25,0.07118153
2026-07-28,22.25,87.25,0.236992
2026-07-28,22.35,87.25,0.1692512
2026-07-28,22.45,87.25,0.039645176
2026-07-28,22.55,87.25,0.0
2026-07-28,22.65,87.25,0.0
2026-07-28,22.75,87.25,0.0
2026-07-28,17.55,87.35,0.0
2026-07-28,17.65,87.35,0.0
2026-07-28,17.75,87.35,0.0
2026-07-28,17.85,87.35,0.0
2026-07-28,17.95,87.35,0.0
2026-07-28,18.05,87.35,0.0
2026-07-28,18.15,87.35,0.0
2026-07-28,18.25,87.35,0.0
2026-07-28,18.35,87.35,0.0
2026-07-28,18.45,87.35,0.0
2026-07-28,18.55,87.35,0.0
2026-07-28,18.65,87.35,0.0
2026-07-28,18.75,87.35,0.0
2026-07-28,18.85,87.35,0.0
2026-07-28,18.95,87.35,0.0
2026-07-28,19.05,87.35,0.0
2026-07-28,19.15,87.35,0.0
2026-07-28,19.25,87.35,0.9224246
2026-07-28,19.35,87.35,0.0
2026-07-28,19.45,87.35,0.0
2026-07-28,19.55,87.35,0.0
2026-07-28,19.65,87.35,0.0
2026-07-28,19.75,87.35,0.91202456
2026-07-28,19.85,87.35,0.7856132
2026-07-28,19.95,87.35,0.6454752
2026-07-28,20.05,87.35,0.64989126
2026-07-28,20.15,87.35,0.7328038
2026-07-28,20.25,87.35,0.7803034
2026-07-28,20.35,87.35,0.7325382
2026-07-28,20.45,87.35,0.71776503
2026-07-28,20.55,87.35,0.6565025
2026-07-28,20.65,87.35,0.5632172
2026-07-28,20.75,87.35,0.48344585
2026-07-28,20.85,87.35,0.4909515
2026-07-28,20.95,87.35,0.42298213
2026-07-28,21.05,87.35,0.4959077
2026-07-28,21.15,87.35,0.32512182
2026-07-28,21.25,87.35,0.13101253
2026-07-28,21.35,87.35,0.21493535
2026-07-28,21.45,87.35,0.29250833
2026-07-28,21.55,87.35,0.10750525
2026-07-28,21.65,87.35,0.0
2026-07-28,21.75,87.35,0.0
2026-07-28,21.85,87.35,0.0
2026-07-28,21.95,87.35,0.0
2026-07-28,22.05,87.35,0.077759214
2026-07-28,22.15,87.35,0.10714231
2026-07-28,22.25,87.35,0.1560599
2026-07-28,22.35,87.35,0.06063282
2026-07-28,22.45,87.35,0.025803737
2026-07-28,22.55,87.35,0.02115829
2026-07-28,22.65,87.35,0.0
2026-07-28,22.75,87.35,0.0
2026-07-28,17.55,87.45,0.0
2026-07-28,17.65,87.45,0.0
2026-07-28,17.75,87.45,0.0
2026-07-28,17.85,87.45,0.0
2026-07-28,17.95,87.45,0.0
2026-07-28,18.05,87.45,0.0
2026-07-28,18.15,87.45,0.0
2026-07-28,18.25,87.45,0.0
2026-07-28,18.35,87.45,0.0
2026-07-28,18.45,87.45,0.0
2026-07-28,18.55,87.45,0.0
2026-07-28,18.65,87.45,0.0
2026-07-28,18.75,87.45,0.0
2026-07-28,18.85,87.45,0.0
2026-07-28,18.95,87.45,0.0
2026-07-28,19.05,87.45,0.0
2026-07-28,19.15,87.45,0.0
2026-07-28,19.25,87.45,0.0
2026-07-28,19.35,87.45,0.0
2026-07-28,19.45,87.45,0.0
2026-07-28,19.55,87.45,0.0
2026-07-28,19.65,87.45,0.0
2026-07-28,19.75,87.45,1.120914
2026-07-28,19.85,87.45,1.2572457
2026-07-28,19.95,87.45,1.0690542
2026-07-28,20.05,87.45,1.0392908
2026-07-28,20.15,87.45,0.61005896
2026-07-28,20.25,87.45,0.62263584
2026-07-28,20.35,87.45,0.5224872
2026-07-28,20.45,87.45,0.5599152
2026-07-28,20.55,87.45,0.54846907
2026-07-28,20.65,87.45,0.48803046
2026-07-28,20.75,87.45,0.4767838
2026-07-28,20.85,87.45,0.4570829
2026-07-28,20.95,87.45,0.3644532
2026-07-28,21.05,87.45,0.16769187
2026-07-28,21.15,87.45,0.15128411
2026-07-28,21.25,87.45,0.11222325
2026-07-28,21.35,87.45,0.07673193
2026-07-28,21.45,87.45,0.06527985
2026-07-28,21.55,87.45,0.0
2026-07-28,21.65,87.45,0.09955191
2026-07-28,21.75,87.45,0.0
2026-07-28,21.85,87.45,0.0
2026-07-28,21.95,87.45,0.0
2026-07-28,22.05,87.45,0.06630652
2026-07-28,22.15,87.45,0.08190626
2026-07-28,22.25,87.45,0.06632245
2026-07-28,22.35,87.45,0.0
2026-07-28,22.45,87.45,0.0
2026-07-28,22.55,87.45,0.01596293
2026-07-28,22.65,87.45,0.0
2026-07-28,22.75,87.45,0.0
